"supplier_id";"name";"address";"phone";"email";"company_name";"tin";"gstin"
"1";"Ramdev Marketing";"shop no.3,jalaram complex, maidan 4th cross road,M";"0824-426019";"RAMDEVMARKETING@GMAIL.COM";"Ramdev Marketing";"29510395055";"0"
"2";"Maruthi toys and  novelities";"SHOP NO 17, 
""VASUDEV ENCLAVE"" ,MAIDAN 4th cross ";"0824-427122";"Maruthitoysandnovelities@gmail";"Maruthi";"29320299760";"0"
"4";"ASIAN GLASSWARE";"Global Arcade, Maidan 4th Cross Road, Mangalore-1";"9986549708";;"ASIAN GLASSWARE";"29180676973";"1"
"5";"DIAMOND CROCKERY HOUSE";"D.No. B/8-9, Vasudev Enclave, Maiden 4th Cross Roa";"0824-425210";"DIAMONDCROCKERYHOUSE@gmail.com";"DIAMOND CROCKERY HOUSEO";"29860299754";"0"
"6";"RAMDEV DISTRIBUTORS";"Vivek Complex, Gollerkeri, Maiden 4th Cross Road, ";"0824-241019";"RAMDEVDISTRIBUTORS@gmial.com";"RAMDEV DISTRIBUTORS";"29040093013";"0"
"7";"MARUTHI SPORTS CENTER";"Shop No. 11-8-820/4, ""Maruthi Complex"", Gollerkeri";"0824-427122";"MARUTHISPORTSCENTER@gmail.com";"MARUTHI SPORTS CENTER";"29501257633";"0"
"8";"YASH MARKETING";"Maruthi Complex, Maidan 4th Cross Road, Mangalore-";"9448190971,";"YASHMARKETING@gmail.com";"YASH MARKETING";"29221207056";"0"
"14";"Milan Plastoware";"Jaya Building, Gollerkeri, Maidan 4th Cross Road, ";"0824-426019/9739940428";;"Milan Plastoware";"29APEPP2064G1ZT";"1"
"15";"AMAZON DISTRIBUTORS private LT";"KULOOR,BEHIND INDIAN OIL PETROL BUNK,KULOOR POST-M";"8861292599 ";"amazondistributors@gmail.com";"AMAZON DISTRIBUTORS PVT.LTD";"29AAFCA9197E1Z9";"1"
"16";"MARUTI  STEEL CENTERE";"P .B. Tower , Near Rao& manglore";"08244281224";"MARUTISTEELCENTERE@gmail.com";"MARUTI  STEEL CENTERE";"29661302262";"0"
"17";"School Book Company";"Car Street MAngaluru";"2496921-25 ";"schoolbookscy@gmail";"School Book Company";"29AAWFS1305A1ZA";"1"
"18";"S.J ENTERPRISES";"GURUSHREE COMPLEX KADRIE HILL MANGALORE Battagudda";"9663572150";;"S.J ENTERPRISES";"29ASGPS5203H1ZL";"1"
"19";"Mathaji Marketing";"Megha Market ,Bibi Alabi Road Mangalore";"9482579838,";"MathajiMarketing@gmail.com";"Mathaji Marketim";"29590605792";"0"
"20";"Mahalaxmi Crockery ";"Shop No.11 ,Ground Floor, Max City Building ,Maida";"0824-4284429";;"Mahalaxmi Crockery";"29AYGPS8311L1ZT";"1"
"21";"BON MASALA AND FOOD PRODUCTS";"D.No-5-32/4 Industrial Estate ,Yeyyadi Mangalore";"08242248301";"info@bonmasala.com";"BON MASALA AND FOOD PRODUCTS";"29AEXPD1364B1ZI";"1"
"22";"A.N ENTERPRISES";"D NO-5-71(1(1) NIDDEL GOKARNA MANGALORE";"NO";;"A.N ENTERPRISES";"29ASJPD8030A1Z4";"1"
"23";"SWARNADEEP AGENCIES";"LE-ROYALE APARTMENT .B.V.ROAD., ATTAVAR MANGALORE ";"0824-243108";;"SWARNADEEP AGENCIES";"29ASGPS9877J1ZH";"1"
"24";"MAHA GANAPATHI SUPPLIERS";"KRISHNA KRIPA,D.NO-6-18-756,
MISSION GORI ROAD,MA";"0824-245187";"MGSSHENOY@YAHOO.COM";"MAHAGANAPATHI SUPPLIER";"29060082914";"0"
"26";"SRI SAINATH AGENCIES";"Seashell D.no.15-12-644/1 shiva Bagh Road,Kadri,Ma";"08242214206";;"SRI SAINATH AGENCIES";"29APGPSO493A1ZV";"1"
"27";"SATHYASHREE ENTERPRISES";"s-4 monalisa residency bejai church,cross road bej";"0824-4274482";"sathyashreeenterprises@gmail";"SATHYASHREE ENTERPRISES";"29BDWPS9662L1Z3";"1"
"28";"SHREE GAJAMUKHA ENTERPRISES";"SAI KRIPA, NEAR GEETHA JNANA MANDIRA,ALAKE,  MANGA";"9844121809";"kamathanitha1@gmail.com";"SHREE GAJAMUKHA ENTERPRISES";"29ANWPK9185F1Z2";"1"
"29";"ANANT TRADING CO.";"ANANT TRADING CO. MERCHANT & COMMISSION AGENTS, D-";"9845262799";;"ANANT  TRADING CO. ";"29AAXFA3807C1ZC";"1"
"30";"POOJA COSMATIC";"POOJA COSMATIC DUBAI MARKET- MARKET ROAD MANGALORE";"9886693264";"27";"POOJA COSMATIC";;"0"
"31";"A.K. TRADERS    (1)";"J.M. ROAD BUNDER ,MANGALORE";"2429875";;"A.K. TRADERS    (1)";"29AASFA4157G1Z4";"1"
"32";"LEROYS COMMERICALS";"D. NO. 1-13/2, PADIVAL SAW MILLS COMPOUND, ALAPE, ";"0824-227688";;"LEROYS COMMERICALS";"29AAFFL4784M1ZK";"1"
"33";"SURAJ ENTERPRISES";"D.NO:1-T-17/940, FIRST FLOOR, DHANYA COMPLEX, LAND";"8792828017,";;"SURAJ ENTERPRISES";"29ADDFSO225R1ZN";"1"
"34";"Shri Sharadha Enterprises";"Padukodi, Near Pump House, Kuloor. Mangaluru 57500";"8129044707";"ShriSharadhaEnterprises@GMAIL.";"Shri Sharadha Enterprises";"29821311098";"0"
"35";"SURABHI ASSOCIATES";"21-6-708,NEAR HALEKOTE MARIYAMMA TEMPLE BEJAI";"0824-242126";"SURABHIASSOCIATES@gmail.com";"SURABHI ASSOCIATES";"29090254830";"0"
"36";"SHREE KURUAMBA TRADERS";"9-T-189/4(1) GROUND FLOOR, SHREE GURUDEVAMRUTHA AL";"9964278982";"25";"SHREE KURUAMBA TRADERS";;"0"
"37";"S.K.AGENCIES";"D.NO.1-N-34-3028, POOIAN RESIDENCY URVA ,  ASHOK N";"9845878288,";"S.K.AGENCIES@gmail.com";"S.K.AGENCIES";"29350693321";"0"
"38";"SRI LAXMI TRADERS ";"9-2-17/2/1 SHOBHODAYA BUIL OPP BEM HIGH SCHOOL MAN";"9972906552";"SRILAXMITRADERS@gmail.com";"SRI LAXMI TRADERS ";"29921116461";"0"
"39";"K & K Distributors";"7-11-1072(1), ""Shri Achuth"" Near HLL, Boloor, Mang";"0824-650043,7411010434";;"K & K Distributors";"29AADFKO503F1ZT";"1"
"40";"Raj Trading Company";"D.No. 3E-10-778, Basement of Munzar Apt Bldg, MANG";"9108456060,9108424064,65,66";"rtcmangalore@yahoo.com";"Raj Trading Company";"29ALFPS3655M1ZD";"1"
"41";"SRI BALAJI  ENTERPRISES";"DOOR NO 26/-06-956/7 SHREE SHUBHODAYA  ARAKERE BAI";"8970594421,8073322453";"sribalajienterprises@gmail.com";"SRI BALAJI ENTERPRISES";"29AHHPD8563D1Z9";"1"
"42";"SHREE LAXMI TRADERS";"HAIFAA,SUBHASH NAGAR 3RD CROSS, PANDESHWAR,MLR-1  ";"9242457560";"SHREELAXMITRADERS@gmail.com";"SHREE LAXMI TRADERS";"29ACNFS8779H1Z1";"1"
"44";"Sri Laxmi Industries";"#6-16-66/15,  Opp Bem School, Near Chitra Takies, ";"0824-427391";"SriLaxmiIndustries@gmail.com";"Sri Laxmi Industries";"29251352491";"0"
"45";"SIDDIVINAYAK MOBILE ACCESSORIE";"SHOP NO.137, CITY MARKET SHOPPING COMPLEX, MANGALO";"9449989509";"SIDDIVINAYAKMOBILEACCESSORIES@";"SIDDIVINAYAK MOBILE ACCESSORIES";"29460652957";"0"
"46";"JYOTHI HOME INDUSTRIES ";"SRI SWAMY PRASAD ,PERLAGURI,KAVOOR,MANGALORE";"0824-2481860,9945729844,994572273";;"JYOTHI HOME INDUSTRIES ";"29APYPK5623G1ZB";"1"
"47";"NIXWEL AGENCIES";"KODICAL, ASHOKANAGAR,MANGALORE";"8971655146,9611939802";"nixscrasta@gmail.com";"NIXWEL AGENCIES";"29AAMFN7241C1Z6";"1"
"48";"SHRI VINAYAKA AGENCIES";"SWASTHI COMPOUND AIRPORT ROAD MANGALORE ";"9535732266";;"SHRI VINAYAKA AGENIES";"29AFMPJ9061K1ZS";"1"
"50";"ASTORS AGENCIES";"D.NO.17-128/2, M/S FERNANDES BROTHERS, MAROLI,KULS";"9035518491";;"ASTORS AGENCIES";"29ABGFA4959F1Z6";"1"
"51";"AERO COOL";"RADHA COMPOUND, MATADAKANI, MANGALORE.Near ashok n";"0824-245797,9844208347,7353768713";"kamathinesh@yahoo.co.in";"AERO COOL";"29ATNPK7608N1ZU";"1"
"52";"SRI GANESH HANUMAN RICE MILLS ";"DEREBAIL,KONCHADY,MANGALORE-575 008 ";"2241329,245";"SRIGANESHHANUMAN@gmail.com";"SRI GANESH HANUMAN RICE MILLS ";"29090085856";"0"
"53";"M/S. SHREE NAGABRAHMA TRADERS";"DOOR NO.4-77, KOPPALA HOUSE ,KONCHADY POST, YEYYAD";"9632222912,";;"M/S. SHREE NAGABRAHMA TRADERS";"29CPCPK3319D1Z4";"1"
"54";"SOUZA AND NAZARETH";"FERNANDES BROTHERS COMPOUND MANGALORE ";"0824-223214/8123227674";"snnmangalore@gmail.com";"SOUZA AND NAZARETH";"29ACDFS6109H1ZZ";"1"
"55";"A.J ENTERPRISES ";"A.J ENTERPRISES KATIPALLA MANAGALORE CHAMPYEN WATE";"7411363452";;"A.J ENTERPRISES ";"29AAAPY13161ZA";"1"
"56";"ARAVIND SPECIAL KAVOOR";"ARAVIND SPECIAL KAVOOR MANGALORE";"08242484782";"ARAVINDSPECIALKAVOOR@gmail.com";"ARAVIND SPECIAL KAVOOR";"29930702508";"0"
"57";"SRI DAMODAR AGENCIES";"D.NO.9-21-732,LOWER CAR-STREET,MANGALORE";"9448482315,";"SRIDAMODARAGENCIES@GMAIL.COM";"SRI DAMODAR AGENCIES";"29190061842";"0"
"58";"VINAYAKA ENTERPRISES";"24-11-T-1103/3/1(1) MARNAMIKATA MANGALORE";"2416589";"VINAYAKAENTERPRISES@GMAIL.COM";"VINAAYAKA ENTERPRISES";"29ANKPR9583L1ZS";"1"
"59";"ARRIAN LIFESTYLE SOLUTION";"DOOR#16-165 BIKARNAKATTE MANGALORE ";"08242223977,8548814427";"ARRIANLIFESTYLESOLUTION@GMAIL.com";"ARRIAN LIFESTYLE SOLUTION";"29AATFA0576A1ZG";"1"
"60";"BARKATH TRADING CO.";"CHAMBER ROAD,BUNDER,MANGALORE-575001";"9844068612,";;"BARKATH TRADING CO.";"29350121118";"1"
"61";"MUNDKUR VENKATARAYA SUBBANNA P";"MERCHANTS & COMMISSION AGENTS,BUNDER,MANGLORE-5750";"2420884,242";"mundukurvenkarayasubbanna@gmai";"MUNDKUR VENKATARAYA SUBBANNA PRABHU & CO";"29210592033";"0"
"62";"HI-LAND TRADERS ";"GENERAL MERCHANTS & COMMISSION AGENTS PORT ROAD, B";"2420229,249";"hilandtraders@gmail.com";"HI-LAND TRADERS ";"29570054552";"0"
"63";"shanthi enterprises ";"VYASARAO ROAD 
KADRI KAMBLA 
MANAGALORE - 575 00";"9845500511,2225576,7899110229";;"shanthi enterprises ";"29AONPG7601J1ZN";"1"
"64";"ALVAS TRADERS";"ALVAS - UPC HIGHWAY THARETHOTA MANGALORE";"9449833604,2450033,9164909669";"ALVASTRADERS@GMAIL.COM";"ALVAS TRADERS";"29AF0PA4946A1ZK";"1"
"65";"KAMAKSHI TRADERS";"ANUGRAHA,VIDYANATHA NAGAR, ATTAVARA MANGALORE";"2425610, 42";;"KAMAKSHI TRADERS";"29ABOPN9851F1ZZ";"1"
"66";"SRI DURGA ENETERPRISES";"1-21-1.PADAVINANGADY , BONDEL PST ,MANGALORE";"9986171319";"SRIDURGAENETERPRISES@gmail.com";"SRI DURGA ENETERPRISES";"29ACBFS1718E1ZA";"1"
"67";"HOMEMADE PRODUCTS";"LUNAMART BEJAI KAPIKAD MANGALORE";"8867764476";;"HOMEMADE PRODUCTS";;"0"
"68";"SAHAKAR MARKETING";"12,13,14 BASEMENT ,MASCO PLAZA,MAIDAN 4TH CROSS, M";"9341362629";;"SAHAKAR MARKETING";"29ADXTC5270A1ZI";"1"
"69";"SRI CAUVERY TRADING";"GIRI SUDHE, PADIL MAROLI ROAD MANGALORE";"9886630334";;"SRI CAUVERY TRADING";"29ACSPR0800M123";"1"
"70";"S.N.ENTERPRISES";"HARIPRASAD COMLEX ,YEYYADI,MANGALORE";"2217896";;"S.N.ENTERPRISES";"29AAFFS9920A17Z6";"1"
"71";"ID FRESH FOOD ";"#35/3, 1ST FLOOR, MADIVALA SABHA , 4TH MAIN, BANGA";"07795256980";"IDFRESHFOOD@gmail.com";"ID FRESH FOOD ";"29AAICM3930G1ZD";"1"
"72";"ZEESHAN ENTERPRISES";"CENTER BURY BUILDING,TAILARY ROAD , MULIHITHLU BOL";"9845713709";;"ZEESHAN ENTERPRISES";;"0"
"73";"PONPON SWEETS ";"D.NO:1-8-122/3,""PONRATHI NILAYA"",KANADKA,SHAKTHINA";"9483700605";;"PONPON SWEETS ";"29ANOPS2164E1ZN";"1"
"74";"PRAJWAL DISTRIBUTORS";"Ashray Karangalpady Crossb Road, Opp: Vegtable Mar";"9845681225";;"PRAJWAL DISTRIBUTORS";"29AADFP3785E1ZO";"1"
"75";"FINE FOODS & CO";"F-19, 1ST Floor, Salafi Centre, Kankanady, Mangalu";"0824-2414944/9686373544";;"FINE FOODS & CO";"29AAFFF1755L1Z3";"1"
"76";"FAMOUS FOODS";"Near Service Station, Adyar Post, Adyar katte, Man";"575007";;"FAMOUS FOODS";;"0"
"77";"MVR TRADING COMPANY";"D..NO.: 2-525/5 OLD AIRPORT ROAD KOLAMBE BAJPE MAN";"9686152576";"MVRTRADINGCOMPANY@GMAIL.COM";"MVR TRADING COMPANY";"29511284739";"0"
"78";"AKSHAYA ENTERPRISES";"D. NO. 11-2-108/16, PUSHPA DEEP COMPLEX,
BHAVANTH";"9036884377";;"AKSHAYA ENTERPRISES";"29EXBPS5903Q1ZM";"1"
"79";"GROWELL ENTERPRISES";"KOJAPADY TOWERS, OPP.STATE BANK OF MYSORE, NH-17,K";"24511";;"GROWELL ENTERPRISES";;"0"
"80";"MUKESH MARKETING";"D..NO.11-8-820/30,GROUND FLOOR, JAYA BUILDING,MAID";"0824-2445193";;"MUKESH MARKETING";"29BBPPS8398A1ZU";"1"
"81";"home made sulochana ";"b block 2nd floor gagandeep apt bejai kapikad,mana";"9880440069";;"home made sulochana ";;"0"
"82";"home made MANISH";"THOKKOTU DEVATHI COMPOUND VALAPETE ULLALA PORT THO";"9740564091";;"home made MANISH";;"0"
"83";"SHRI GAJANAN TRADERS";"H.O 19-10-804, ALBUQUERQUE HOUSE, PANDESHWAR,MANGA";"2449878";;"SHRI GAJANAN TRADERS";"29ABRPB4037A1ZY";"1"
"84";"USHA ENTERPRISES";"NO.3 ASHWINI APARTMENT,MARIGIGI ROAD MANGALORE";"9483491199";;"USHA ENTERPRISES";;"0"
"85";"SHREE DEVI ENTERPRISES";"#2-47/4,kanapathag maroli,mangaluru";"9449516026,9480729572";"devi6611@yahoo.in";"SHREE DEVI ENTERPRISES";"29AHRPH9108E1Z2";"1"
"86";"MAHENDRA DISTRUBUTORS ";"JAYA BUILDING ,GOLLERKERE STREET, MAIDAAN 4TH CROS";"9448455193/2445193";;"MAHENDRA DISTRUBUTORS ";"29AFFPB4562A1ZW";"1"
"87";"M/S SGRESTHA ENTERPRISES";"ANJUM COURT OPP INFOYS TECH., KOTTARA MANGALORE";"8861753535";;"M/S SGRESTHA ENTERPRISES";;"0"
"88";"DATTATREYA ENTERPRISES";"D.NO.4-2-237/34 BEJAI CROSS ROAD ,BHARATH NAGAR, M";"7411177491";;"DATTATREYA ENTERPRISES";;"0"
"89";"SHENOY TRADERS ";"6-9-295/1,SRI DEVI KRIPA, KANTHARAJA SHEETY LANE,M";"9448784517";;"SHENOY TRADERS ";"29BDPPS1199R1Z6";"1"
"90";"4D ENTERPRISE";"SHOP NO 14, BEJAI MARKET COMPLEX , BEJAI, MANGALOR";"9222100664,09987090888";"4denterprise15@gmail.com";"4D ENTERPRISE";"29BGUPK5639L1ZE";"1"
"91";"SRI VINAYAKA COFFEE SUPPLIES";"SRI VINAYAKA COFFEE SUPPLIES KARANGALPADI,MANGALOR";"2495529";;"SRI VINAYAKA COFFEE SUPPLIES";"29ACAPR1953PIZZ";"1"
"93";"SALDANHA ENTERPRISES";"11-5-409/218 CITY MARKET COMMERICAL COMPLEX BAVANT";"9901595902";;"SALDANHA ENTERPRISES";"29AHHPS756861ZY";"1"
"94";"SRI LAXMI ENTERPRISES";"SHOP NO.G11,DOOR NO. 115471115468,ZULEKHA COMPLEX,";"2442134/4262134";;"SRI LAXMI ENTERPRISES";"29AFPPM5812G1Z4";"1"
"95";"HOME PRODUCT BASHEER";"B.C ROAD TALAPADY MAFATHLAL LAYOUT .  ";"9964253967";;"HOME PRODUCT BASHEER";;"0"
"96";"IDEAL TRADERS";"D/NO 7-11-T-1100 NEAR RAMAKRISHNA OIL MILL BOLAR";"4273449";;"IDEAL TRADERS";"29ALBPS4851M1ZH";"1"
"97";"SUPREME FEEDS ";"REGD. OFFICE & FACTORY :N.H 66,HEROOR, UDUPI ";"2561215";;"SUPREME FEEDS ";;"0"
"98";"LEELA ENTERPRISES";"SHOP NO.3,IST FLOOR,MUBARAK TOWERS,MAIDAN 4TH CROS";"9343184319";;"LEELA ENTERPRISES";"29AEEPC5247F1ZO";"1"
"99";"BROTHERS TRADERS";"D,NO.6-14-575,MISSION GORI ROAD ,MANNAGUDDA,MANGAL";"9845208314";;"BROTHERS TRADERS";;"0"
"100";"VEEYES MARKETING COMPANY ";"D.NO. 2-13-1151/2, BEJAI NEW ROAD, BEJAI MANGALORE";"4276327";;"VEEYES MARKETING COMPANY ";"29AACFV8585H1ZH";"1"
"101";"BHAVANI FOOTWEAR";"SHOP NO.12,GROUND FLOOR,MAXCITY COMMERICAL COMPLEX";"9986086875";;"BHAVANI FOOTWEAR";"29BRHPM1802R1Z9";"1"
"102";"ISHWAR ATTAVAR ";"BHAVANTHI STREET MANGALORE";"2425957";;"ISHWAR ATTAVAR ";;"0"
"103";"ASHIRVAAD HOME PRODUCTS";"KULADEPARE ,NETTANIGE POST, MULERIYA KASARAGOD";"9535624622";;"ASHIRVAAD HOME PRODUCTS";"N0";"1"
"104";"VIMAL ENTERPRISES";"14-6-855/40,SHOP NO.222,NALAPAD APSARA CHAMBER,K,S";"9448475692";;"VIMAL ENTERPRISES";;"0"
"105";"SHEETAL ENTERPRISES";"1ST FLOOR,POPULAR COMPLEX, BEHIND LADY GOSCHEN HOS";"9900812412";"enterprises.sheethal@yahoo.com";"SHEETAL ENTERPRISES";"29ABPPJ6803Q1ZT";"1"
"106";"MANGALORE INLAND TRADERS";"1-24-2020/2URVA MARIGUDI MANGALORE";"8553767738";;"MANGALORE INLAND TRADERS";"29AAVFM4819L1ZD";"1"
"107";"ACE ENTERPRISES";"DIAMOND SQUARE,BYPASS ROAD KANKANADY POST MANGALOR";"9448143564";"alwyn.aceenterprises@gmail.com";"ACE ENTERPRISES";"29281396949                             ";"1"
"109";"ACE APPARELS";"Opp.MIFT,Bypass road
kankanady,mangalore-575002";"0824-243356";"alwyn.aceenterprises@gmail.com";"Branch of Ace enterprises";;"0"
"110";"M/S GANESH HANUMAN RICE TRADERS";"derebail-1 1-69/3, konchadi shri hanuman rice mill";"0824-2241329";;"M/S GANESH HANUMAN RICE TRADERS";"29AIFPM0092D1ZF";"1"
"111";"SRI LAKSHMI VENKATARAMANA TRAD";"RS HINDUSTHAN UNILEVER LTD, ANANTHASANA VV T ROAD ";"9880645343";;"SRI LAKSHMI VENKATARAMANA TRADERS UNIT-2";"29ACSFS5309Q1Z1";"1"
"112";"ALPHA ENTERPRISES";"DOOR NO.25-2-92/2, 2ND FLOOR, ACE BUSINESS CENTRE,";"0824-243356";"alpaenterprises.mangaluru@gmail.com";"ALPHA ENTERPRISES";"29050079864";"1"
"113";"NANDINI .D.D MILK SS";"SAI AMEYA ARC 1 LUNA MART ";"7625064790";;"NANDINI .D.D MILK SS";;"0"
"114";"MEGAN ENTERPRISES";"SHOP NO.4,JANANI,KADRI KAMBALA ROAD MANGALORE";"7411600700,";;"MEGAN ENTERPRISES";"29AGMPV7742E1ZR";"1"
"115";"KADEEJA HOME PRODUCT ";"KADEEJA HOME PRODUCT ATHAVAR MANGALORE";"9060043133";;"KADEEJA HOME PRODUCT ";;"0"
"117";"PRASHANTH AGRO INDUSTRIES ";"C-1, INDUSTRIAL ESTATE, YEYYADI, MANGALORE";"2213360, 9880460106";;"PRASHANTH AGRO INDUSTRIES ";"29AELPN2426A1ZP";"1"
"118";"SRI RAGHAVENDHRA PHARMA & SURG";"D.NO. 17-2-68/11,12,13,FIRST FLOOR, HASAN HERITAGE";"9739641159";"SRIRAGHAVENDHRA@GMAIL.COM";"SRI RAGHAVENDHRA PHARMA & SURGICALS";"29ABXFS1109EZX";"1"
"119";"SIMONA MARKETING";"7TH CROSS BEJAI NEW ROAD, NEAR MANGALA GAS GODOWN,";"8495831924";"SIMONAMARKETING@gmail.com";"SIMONA MARKETING";"29BBZPP2130D1ZF";"1"
"120";"INDIAN CHICKEN ";"shop#9,salafi centre,kankanady, mangalore";"8296255301,08244255301";;"INDIAN CHICKEN ";"29AAGFI2255R1ZQ";"1"
"121";"INDIAN FOODS ";"SHOP NO. G3-G4,SALAFI CENTRE,BEHIND KAKANADY MARKE";"9986596059";"INDIANFOODS@gmail.com";"INDIAN FOODS ";"29391397713";"0"
"122";"CHAITHANYA TRADERS ";"2-16-1347, BEJAI,KAVOOR CROSS,MANGALORE";"9448245678";;"CHAITHANYA TRADERS ";"29AAGEC2065M1ZC";"1"
"123";"P.K.CHICKEN CENTRE";"STALL NO.44,45, KANKANADY MARKET,";"2434027";;"P.K.CHICKEN CENTRE";;"0"
"124";"YENEPOYA GORMET PRIVATE LTD.";"D.NO.2-331/15/8, YENEPOYA UNIVERSITY COMPOUND,DERA";"2152";"YENEPOYA@gmail.com";"YENEPOYA GORMET PRIVATE LTD.";"29AAACY1316J1ZA";"1"
"125";"LIYAKAT ALI";"LIYAKAT ALI MANGALORE";"000";;"LIYAKAT ALI";;"0"
"126";"BRIGHT TRADERS";"20-1-103, CHAMBER ROAD,BUNDER,MANGALORE";"2420207";;"BRIGHT TRADERS";;"0"
"127";"SRI DHANALAXMI TRADERS ";"DOOR NO. 10-17-832, PORT ROAD,BUNDER,MANGALORE";"9545484841";;"SRI DHANALAXMI TRADERS ";;"0"
"128";"NAYAKS";"NAYAKS MANGALORE";"0000";;"NAYAKS";;"0"
"129";"Magic Enterprises";"#L-2, INDUSTRIAL ESTATE YEYYADI MANGALORE-575001";"08242218174";"globalman11@gmail.com";"Magic Enterprises";"29AACFM6819K1ZU";"1"
"130";"OCEAN CATERERS & ARRANGERS ";"BEHIND KANKANADY MARKET,KANKANADY MANGALORE";"9845179543";;"OCEAN TENDER MILK SHAKE";;"0"
"132";"CITIBAKE INDUSTRIES";"17-81/4,KALPANE,KULSHEKAR,MANGALORE";"2215089";;"CITIBAKE INDUSTRIES";"29AACFC0641D1ZZ";"1"
"133";"SHRI RUKMINI ENTERPRISES";"SAIKRIPA BUILDING,BANGRA KULUR, KOTTARA CHOWKI,MAN";"9036451922";;"SHRI RUKMINI ENTERPRISES";;"0"
"135";"PAANCHAJANYA AGENCIES ";"DOOR N. S-23-1946/1,MARIGUDI CROSS ROAD,URVA ,MANG";"8105509199";;"PAANCHAJANYA AGENCIES ";"29AQKPM8057F1ZD";"1"
"136";"VEG & FRUITS ";"BEJEI KAPIKAD MANGALORE ";"08861741666";;" VEG & FRUITS ";"NO";"1"
"137";"SHREE GURU AGENCIES";"D.No. 6-16-631/1, ""Shree Kamakshi"", Gundu Rao Lnae";"9886831204";;"SHREE GURU AGENCIES";"29311285237";"0"
"138";"DURGA DISTRIBUTORS ";"D NO -20-12-764 GROUND FLOOR ,ZAHIR HOSTEL COMPLEX";"8722988000";;"DURGA DISTRIBUTORS ";"29361286422";"0"
"139";"DURGA TRADERS ";"KALPAKA COMPLEX, KANDAK 1st CROSS ,BUNDER , MANGAL";"7760807979,9902441670";"tradersdurga@yahoo.com";"DURGA TRADERS ";"29AAKFD0441J1ZF";"1"
"140";"BASHEER MUTTON MERCHANT ";"KANKANADY MARKET, KANKANADY, MANGALURU";"9945537968";;"BASHEER MUTTON MERCHANT ";"N0";"1"
"141";"VIDYA ENTERPRISES ";"PUSHPADEEP ARCADE, BHAVANTHI STREET CROSS ROAD , M";"9964684902,";;"VIDYA ENTERPRISES ";"29761270682";"0"
"142";"SHARMA ENTERPRISES ";"SHARMA ENTERPRISES ,KANKANADY , MANGALORE";"2437028";;"SHARMA ENTERPRISES ";"29APRPS2645T1ZR";"1"
"143";"ARUNA FOODS";"INDUSTRIAL ESTATE,YEYYADI MANGALORE";"0824-2224378";;"ARUNA FOODS";"29360490828";"1"
"144";"SARASIJA FOODS";"INDUSTRIAL ESTATE,YEYYADI MANGALORE";"2224378,221";;"SARASIJA FOODS";"29ABVPR1040F1ZF";"1"
"145";"DIVYA AGENCIES";"#4-94/12,MALEMAR ROAD DEREBAIL KONCHADI, MANGALORE";"7259606667";;"DIVYA AGENCIES";"29BLTPS5173F1ZC";"1"
"146";"EVA TRADERS";"D/NO 1-61-2 AVE MARIA PADAVINANGADY
BONDEL MANGAL";"9902197405";;"EVA TRADERS";"29ARNPM7182M1ZT";"1"
"147";"ARUNA ENTERPRISES";"D.NO.2-13-T-1151(3)(2),BEJAI NEW ROAD MANGALORE 4";"7090915977";;"ARUNA ENTERPRISES";"29ABCFA3827E1ZN";"1"
"149";"V.K.ENTERPRISES";"#129/3,""SRI KIRANA""PANCHALINESHWARA TEMPLE ROAD NE";"9900512077";"vkenterprices90@gmail.com";"V.K.ENTERPRISES";"29ADDPB9667J1Z3";"1"
"150";"KARAVALI MARKETERS ";"""Jayanthi cottage"", nagakannika temple road,dereba";"8050465534,/8123840432";;"KARAVALI MARKETERS ";"29AXSPN2976K1ZF";"1"
"151";"P.J ENTERPRISES ";"D.No.6-t-25/4, CAPITHANIO ROAD KANKANADY, NAGURI ,";"2435096, 97";;"P.J ENTERPRISES ";"29611380520";"0"
"152";"R.R. AGENCIES ";"NOOR PLAZA,NEAR KANDATHPALLI, KUDROLI ROAD MANGALO";"09900376874";;"R.R. AGENCIES ";"29ACYPR1458B1Z4";"1"
"153";"OM SAI ENTERPRISES ";"MARYHILL MANGALORE ";"8970729226,";;"OM SAI ENTERPRISES ";"29APUPN2745LIZO";"1"
"154";"GULMOAR ";"BEHIND KAMAL MAHAL, KULAI , MANGALORE ";"7204418932,";;"GULMOAR ";"29BGTPK5354B1Z4";"1"
"155";"HARSHA ENTERPRISES ";"D.NO 5-139/4 PAVOOR POST MANGALORE ";"9538621333";;"HARSHA ENTERPRISES ";"29121350362";"0"
"156";"SHARON ENTERPRISES ";"DREAM HOUSE ,GROUND FLOOR, BARKE-BOCKAPATNA, MANGA";"9945398136";;"SHARON ENTERPRISES ";"no tin";"0"
"157";"D.K. PRODUCTS ";"NO.4-48-430/1, ALAPE ROAD MAROLI, MANGALORE";"9900710689";;"D.K. PRODUCTS ";"no tin";"0"
"158";"S.R.ENTERPRISES";"TAILORY ROAD ,MULITHITHLU ,BOLAR, MANGALORE ";"0824-2418044";;"S.R.ENTERPRISES";"29APHPSOO62A1Z5";"1"
"159";"NEW CHITRA CHIPS ";"NEW CHITRA CHIPS THOTATHADY POST, BELTHANGADY TQ.,";"9448073010,";"metrochips@rediffmail.com";"NEW CHITRA CHIPS ";"29510377595";"0"
"160";"XYZ";"XYZ";"XYZ";"XYZ@XYZ.COM";"XYZ";"XUZ";"0"
"161";"SHEETAL MARKETING";"1ST FLOOR, POPULAR COMPLEX BIBI ALABI ROAD MANGALO";"0824-427619,8861496580";;"SHEETAL MARKETING";"29ABPPJ6804K1Z4";"1"
"162";"S3 ENTERPRISES";"DOOR NO 2/7-551/2, OPP SARASWATI RESIDENCY KAPIKAD";"0824-221543";"s3enterprises31@gmail.com";"S3 ENTERPRISES";"29271122493";"0"
"163";"F.A.Enterprises";"J.M.Road, Mangaluru
";"08242422331,2427369";;"F.A. Enterprises";"29AAAFF3704G1ZQ";"1"
"164";"NEW MINI SUPER BAZAR";"JAYANTHILAL GOKULDAS BUILDING, MAIDAN 1st CROSS RO";"4285517";;"NEW MINI SUPER BAZAR";"29570255342";"0"
"167";"SHIVAM AGENCIES";"SRI KAMALAKSHI NILAYA MAIN ROAD,BANTWAL-574211";"9945413545";;"SHIVAM AGENCIES";"29031141734";"0"
"168";"HALAL COASTAL ";"BEJAI MARKET MANGALORE 575004";"2222474,4273085,9448";;"HALAL COASTAL ";"no tin";"0"
"169";"WAFER WORLD";"THOTATHADY POST&VILLAGE,BELTHANGADY TALUK,D.K.DIST";"9448073010,953553161";"metrochips@rediffmail.com";"WAFER WORLD";"29BBOPJ6000K1ZG";"1"
"170";"RAGHURAM DISTRIBUTORS ";"SK & UDUPI FISH MKTG.FEDN UNION BUILDING,MULIHITHL";"9741469039";;"RAGHURAM DISTRIBUTORS ";"29080650353";"0"
"171";"SRI DATTA ENTERPRISES";"D.NO 2-13-115/2 BEJAI NEW ROAD MANGALORE-575004

";"0824-4276327";;"SRI DATTA ENTERPRISES";"29550461381";"0"
"172";"SAPTA VENTURES";"#1-185, Saralaya Complex, sathikal Peramogeru P.O.";"8197534163";"saptaventures@gmail.com";"SAPTA VENTURES";"29ACQFS9875F1Z3";"1"
"173";"AMAZON WHOLESALE(INDIA) PRIVAT";"C/O TCI SUPPLY CHAIN SOLUTION, NO.92, ANUGONDANAHA";"+912230430112";"customer_service@amozonbusiness.in";"AMAZON WHOLESALE (INDIA) PRIVATE LIMITED";"29AAMCA0671Q1ZO";"1"
"174";"M/S.SAIMA MARKETING ";"M/S.SAIMA MARKETING ";"0824-2447404,9448858";;"M/S.SAIMA MARKETING ";"29670241028";"0"
"176";"BABY TOYS";"DRO. NO 13-15-586/36 2ND FLOOR, LINKING TOWER OPP ";"9842095575.2442575";;"BABY TOYS";"29650669682";"1"
"177";"kALYANI ENTERPRISES";"D.NO.16-6-391/26,B. M.K. COMMERCIAL COMPLEX,OPP.HI";"9448696283";;"KALYANI ENTERPRISES";"29ALPPG6183JIZG";"1"
"178";"LUNA MART ";"SAI AMEYA ARC 1 BEJAI KAPIKAD BEJAI MANGALORE -4";"0824-425173536";;"LUNA MART ";"29AAGFL7072B12B";"0"
"179";"BHARATH  ESSENCE MART ";"MAIDAN 1ST CROSS ROAD ,MANGLORE ";"4255966";;"BHARATH ESSENCE MART ";"29211136203";"1"
"180";"new royal foods";"d.no.1-94/5 post mangalanthi,urumane,manjanadi-man";"no";;"New royal foods";"29BYDPM5923J1Z1";"1"
"181";"ADITYA ENTERPRISES";"KOLAKKILU HOUSE,BANTWAL TALUK D.K.-574222";"8762369734";;"ADITYA ENTERORISES";"29BDKPC0629P1Z6";"1"
"182";"DHANALAXMI MARKETING";"13.MAX CITY BLDG, GROUND FLOOR, mAIDAN 4TH CROSS, ";"08244261719";;"DHANALAXMI MARKETING";"29BPXPB5827F1ZG";"1"
"183";"MED EXPRESS INDIA";"GROUND FLOOR LULU CENTER FALNIR MAIN ROAD,MANGALOR";"0824-2430055";;"MED EXPRESS INDIA";"29BVEPS8372K1ZP";"1"
"184";"SHIVA ENTERPRISES";"MANGALORE";"0824-4251735";;"SHVA ENTERPRISES";"NO";"0"
"185";"SAI SAI ENTERPRISES";"1-25-2131/1,SRI DEVI KRIPA LONG LANE URVA MANGALOR";"9844362929,8073171939";"navsai.kumar197@gmail.com";"SAI SAI ENTERPRISES";"29AEFPN4674L1ZU";"1"
"186";"YASH ENTERPRISES ";"PARITHOSH PRITVI LAYOUT,BANGRAKULOOR,KULOOR KAVOOR";"8867671640";;"YASH ENTERPRISES";"29BAQPA9704A1ZT";"1"
"187";"FORTUNE SALES";"DOOR NO-1-2-32(2)AIRPORT ROAD,MARYHILL KONACHANDY ";"9538565554";"fortunesales2016@gmail.com";"FORTUNE SALES";"29AAEFF8766C1Z6";"1"
"189";"AMAN ENTERPRISES";"1s 25-2126/19
f no 306 vishwas nathasa residency ";"9844362929";"navsal.kumar197@gmail.com";"AMAN ENTERPRISES";"29FWRPS95505N1Z7";"1"
"190";"SUPRAJA AGENCIES(BA)";"ASHRAY KARANGALAPADY CROSS ROAD DAKSHINA KANNADA";"9845681225";;"SUPRAJA AGENCIES(BA)";"29AAKFS2687R1Z0";"1"
"191";"fathima stores";"maida 1st cross road Mangalore";" 8722990888,9880623576";"mailfathimastores@gmail.com";"fathima stores";"29AAAFF491BL1Z5";"0"
"192";"kamadhenu enterprises";"shop no:  19/06/359/8,mizaz complex ground floor m";"NO";;"kamadhenu enterprises";"29DVMPS0619PIZN";"1"
"194";"DESI UTTHANA ASSOCIATES";"1-S-24-1982/3,VASUNDHARA BUILDING URWA MARGUDI CRO";"0824-2453296/8762204310/701991922";"info@desiuttana.com";"DESI UTTHANA ASSOCIATES";"29AAJFD5802E1ZK";"1"
"195";"IBHAANI ENTERPRISES";"1-1-1, AIRPORT ROAD PADAVINANGADY MANGALORE";"9535632266";;"IBHAANI ENTERPRISES";"29AACFI8747E1Z4";"1"
"196";"SHREE SHARADA DISTRIBUTORS";"DOOR NO .156/MA.42KH.B COLONY EKKUR MANGALORE 5750";"9632835373/8722698896";;"SHREE SHARADA DISTRIBUTORS";"29AXNPA5754D1ZE";"0"
"198";"PANCHMAL MANJUNATH GANAOATH KAMATH & CO.";"CHAMBER ROAD BUNDER MANGALURU-575001";"0824-2420903/2427903";;"PANCHMAL MANJUNATH GANAOATH KAMATH & CO.";"29AFFPK8233B1ZL";"1"
"199";"LIFELINE SURGICAL & PHARMA";"Bhagavathi complex. Capitanio, Mangaluru-575002";"08242430349";;"LIFE LINE SURGICALS";"29AACFL6382L1ZR";"1"
"200";"KUMBLA KRISHNA ANANTH PRABHU";"10-14-631, PORT ROAD, BUNDER, MANGALURU.";"08242424745";;"KUMBLA KRISHNA ANANTH PRABHU";"29AADFK0781F1ZD";"1"
"201";"MAJOR APPLIANCES INDIA PVT LTD";"MANGALORE VIBHUTHI NEAR FIRST BRIDGE JEPPU 575001 ";"NO";"contactus@majorindia.com";"MAJOR APPLIANCES INDIA PVT LTD";"29AADCM9029K1ZZ";"1"
"202";"ALVARES FOODS ";"SHARON VAMANJOOR, MANGALORE 575028";"9972307174, 0824-4252113";;"ALVARES FOODS ";"29ACBPA0927H1Z0";"1"
"203";"kasthuri home products";"pkacvplot31 ,b ,shed no2 ,industrial area baikampa";"9986510722";"kasthurihomeproducts@gmail.com";"kasthuri home products";"29AJHPK7339N1ZG";"1"
"204";"VIVEK TRADERS";"DHANVANTHARI SADAN,13-10-1279/2, DHANVANTHARI NAGA";"0824-2496963,2496483,2497018";;"VIVEK TRADERS";"29AAAFV9088P1Z2";"0"
"205";"VEERAMARUTHI AGROTECH PVT. LTD.";"1ST FLOOR, BHAVANTHI TOWER, BHAVANTHI STREET. MANG";"8861036668";"0";"VEERAMARUTHI AGROTECH PVT LTD.";"29AAFCV3288H1ZU";"0"
"206";"VAIBHAV ENTERPRISES";"5-10-1022/5, KRISHNA KRIPA KUTEER, MANGALURU
";"9844483836";"1";"VAIBHAV ENTERPRISES";"29AJJPG7732M1ZN";"0"
"207";"RAJ ENTERPRISES";"CAR STREET, TEMPLE SQUARE MANGALORE";"8884429252";"rajenterprises323@gmail.com";"RAJ ENTERPRISES";"29ACVPP9264C1ZV";"0"
"208";"EGG CENTRE";"OPP.SAHAKARI MAHAL,11-8-679,MISSION STREET MANGALO";"9845323761";"NO";"EGG CENTRE";"NO";"0"
"209";"N.Y.DISTRIBUTORS";"9/6/377 M.P.T.ROAD,MANGALURU.";"9449827400";;"N.Y.DISTRIBUTORS";"29AAGFL7072B1ZB";"1"
"210";"SAMRUDHI VENTURES";"9/2/110/1, SOMASHEKAR SHETTY COMPOUND,CAR STREET, ";"9538013332";;"SAMRUDHI VENTURES";"29AHMPM2536L1ZT";"1"
"211";"DEPEE FOOD PRODUCTS";"MUNDEGURI,AMTADY,BANTWAL TQ-574219";"9844043641";;"DEPEE FOOD PRODUCTS";"29BLXPS1940Q1ZU";"1"
"212";"SAIMA MARKETING";"D.NO.13-5-586/38 2nd floor Y-BLOCK OPP:LADY GOSHIO";"9448858441/0824-2447404";"NO";"SAIMA MARKETING";"29AVCPS5221L1Z8";"0"
"213";"REAL FRESH";"TENDER COCONUT MILK SHAKE, HOME PRODUCT, BOLAR MAN";"9845207311/9902037155";"NO";"REAL FRESH";"NO";"0"
"214";"ASHIQUE CHEMICALS & COSMETICS";"H.O:D.NO:2-103/7 NEAR KALLAPPU JUMA MASJID, PATLA ";"8242466372";;"ASHIQUE CHEMICALS & COSMETICS";"29AAJFA3050F1ZP";"1"
"215";"MANGALORE MASALA";"BANDER,MANGALORE";"9141813844";"NO@gmail.com";"MANGALORE MASALA";"29DGRPM9741L1ZA";"1"
"216";"RADHA TRADERS";"MERCHANTS & COMMISSION AGENTS PORT ROAD BUNDER MAN";"2423284/2224427";;"RADHA TRADERS";"29AFBPP6491E1Z6";"1"
"217";"RELIABLE CAHEW COMPANY PRIVATE LIMITED";"PLOT NO,429 10TH RAOD INDUSTRIAL AREA BAIKAMPADY, ";"2408567/2406972";;"RELIABLE CAHEW COMPANY  PRIVATE LIMITED";"29AADCR1456K1Z3";"1"
"218";"SHWETHA ASSOCIATES";"AVE MARIA CENTRE,JEPPU,MANGALORE THOTA VILLAGE, MA";"9036084295";"manasvishetty@gmail.com";"SHWETHA ASSOCIATES";"29CVQPS9929H1ZE";"1"
"219";"A M AGENCY";"D.NO:228,NALPAD APSARA CHAMBERS MARKET K S ROAD ma";"9632727677";"amagency.philips@gmail.com";"A M AGENCY";"29ABIFA5339D1ZG";"1"
"220";"SHIVAKUMAR";"MANGALORE";"8277201256";"NO";"SHIVAKUMAR";"NO";"0"
"221";"AMAR AGENCY";"D.NO:1-N-30-2522/2,OPP. ASHOKNAGAR GOVT. SCHOOL, M";"9980313093";"kunderashok1@gmail.com";"AMAR AGENCY";"29ALPK4302Q1ZS";"1"
"222";"m/s mayur marketing";"shop no.22, ground floor mega market,BIBILIABIROAD";"9008104515";;"m/s mayur marketing";"29BUIPS1918L1ZZ";"1"
"223";"KALA ENTERPRISES";"512/A 4TH CROSS 3RD MAIN ATTUR LAYOUT YELHANKA BAN";"9035552311";"kalaenterprises2311@gmail.com";"KALA ENTERPRISES";"29AKSPJ4209N1ZH";"1"
"224";"RIDDHI";"MANGALORE";"9886690031";"yranjanbhat@gmail.com";"RIDDHI";"29AJJPR893481ZY";"0"
"225";"MANGALA HYGIENE PRODUCTS";"4/187, MANGALA COMPOUND, ANANDANAGARA, MANGALORE-5";"0824-2242684";"mangalahygiene@gmail.com";"MANGALA HYGIENE PRODUCTS";"29ABAFM5378A1ZB";"0"
"226";"GOLDEN ENTERPRISES";"H.H SPLENDOOR BUILDING NEAR SCHOOL VALENCIA MAGALO";"9845375978";"goldenenterprisesmng@gmial.com";"GOLDEN ENTERPRISES";"29AFQPM1677N1ZH";"1"
"227";"SRI BALAJI DISTRIBUTORS";"SINGALA CHAMBERS, SHOP NO.8 MAIDAN 4TH CROSS, MANG";"9448982904/4272904";;"SRI BALAJI DISTRIBUTORS";"29AHOPK1783H1ZV";"1"
"228";"usha agencies";"#1-17-366,landlinks township near nagakannika temp";"no";"ushaagency.k@gmail.com";"usha agencies";"29AEVPU1090B1Z4";"1"
"229";"SHAILENDRA RISHI RAJ INDUSTRIES";"1-6/1, SHAKTHI HOUSE KANKANADY BY PASS ROAD MANGAL";"0824-2438211";"enquiry@srrmasalas.com";"SHAILENDRA RISHI RAJ INDUSTRIES";"29AARCS5455K1ZH";"1"
"230";"JK J SHINE";"JNANASINDU KANADKA, SHAKTHINAGARA, MANGALORE-57501";"9900710689/7996681011";;"JK J SHINE";"29CEFPM6768C1Z5";"1"
"231";"FATHIMA AGENCIES BUNDER";"D.NO:20-1-T-7/16 REGINAL SQAUR AZEEZUDDIN ROAD BUN";"9901145967/8550845122";;"FATHIMA AGENCIES BUNDER";"29CILPK5837N1ZD";"1"
"232";"K.M MOOSA";"KAMBLA CROSS ROAD, ALAKE MANGALORE";"0824-2492786/9845306577";"NO";"K.M MOOSA";"NO";"0"
"233";"MUSBA ENTERPRISES";"PALLIKERE COMLEX, SHOP NO. 16,MAIDAN 4TH CROSS, NE";"9900160064/7892145562";"musbaenterprises16@gmail.com";"MUSBA ENTERPRISES";"29AAYFM0656J1ZJ";"1"
"234";"GLAMOUR ENTERPRISES";"DOOR.NO:11-7-T 597/60 MAZZANINE FLOOR, MAX CITY,  ";"0824-2425313/2441148/9632659148/9";"mohammedkandal@gmail.com";"GLAMOUR ENTERPRISES";"29AAHFG4560C1ZI";"1"
"235";"RAGHURAM TRADINGCO";"GOLIKATTE BAZAAR, MANGALORE-575001";"2425917/2422917/9448475917";;"RAGHURAM TRADINGCO";"29AAFFR2175Q1ZH";"1"
"236";"M/S V.N.PAI & CO";"GOLIKATTA BAZAR BUNDER, MANGALURU, ";"no";"vnpaibunder@gmail.com";"M/s V.N.PAI & CO";"29ACXPP4026C1ZB";"1"
"237";"NETTANIGE ENTERPRISES PVT LTD";"DOOR NO:7-1-130/2&7-1-130/2(1) BOLOOR VILLAGE &WAR";"NO";;"NETTANIGE ENTERPRISES PVT LTD";"29AAFCN7172G1Z5";"1"
"238";"HARI HAR ENTERPRISES";"#214, COMMERCIAL CENTRE , BUNDER,  MANGALORE 1";"9986251731";"00";"HARI HAR ENTERPRISES";"29AEOPV9852P1ZZ";"0"
"239";"M/S D.VAIKUNTA PAI";"GOLIKATTA BAZAR 
BUNDER, MANGALURU 575001.";"08242423020";;"M/S D.VAIKUNTA PAI";"29ACXPP4027D1Z8";"1"
"240";"NIDHI FOOD PRODUCTS";"Mukve, Narimogaur Post, Puttur Taluk-574202";"96114705757, 9980748811";;"NIDHI FOOD PRODUCTS";"29ASCPR6746E1ZE";"1"
"241";"canara enterprises";"pervaje road, karkala 574104";"9481535877/9481511177";"NO";"canara enterprises";"29BMJPB7580C1ZO";"0"
"242";"Shree Trading ";"Navasuma Complex G.T Road Kudroi Mangalore";"8971425519/7624848879";;"Shree Trading";"29ADKFS8559D1ZG";"1"
"243";"Charisma Enterpriese";"Vachana door no6-5/4 Jeppinamogaru Karamebettu Man";"9945327033/ 95663368305";"charismaent2016@gmail.com";"Charisma Enterpriese";"29ATOPS1251Q1ZS";"1"
"244";"PADUMATA VENTURES";"No.1H,Kiadb Industrial Area, Kolnad,Karnad mulki M";"2983521/9833191220";"shashindra@padumata.in";"PADUMATA  VENTURES";"29AANFP8027F1ZV";"1"
"245";"TAZA FOODS & BEVERAGES";"Near Adyar Post Office, Adyar, Mangalore";"9880079356";;"TAZA FOODS & BEVERAGES";"29AAHFT8523E1ZY";"0"
"246";"SRI LAXMI MARKEIING ";"G-10,Zulekha Complex,Yenepoya Dental College, Bibi";"2442134/4262134";;"SRI LAXMI MARKETING";"29AFPPM5813H1Z1";"0"
"247";"SRI NAVADURGA HOME PRODUCTS";"Hoige Bail,Ashok Nagar,Mangalore-575006";"9902460291";;"SRI NAVADURGA HOME PRODUCT";"29AQKPK6283F1ZF";"0"
"248";"M/S. LOWKAL HEALTHCARE Pvt Ltd.";"Sy No.27/6 Cheemasandra(Vi) Bidarahalli Hobli, Vig";"8722250222";"info@lowkal.in";"M/S.LOWKAL HEALTHCARE Pvt Ltd.";"29AABCL5069L1ZO";"0"
"249";"SR HOME FOODS";"Perlaguri Kavoor Post Mangalore-575015";"9611098802";;"SR HOME FOODS";"29CEKPS0892C1Z5";"0"
"250";"CHUMG FA FOOD PRODUCTS";"Lee Compound,Kankanady Post, Mangalore-575002";"0824-2436860";;"CHUMG FA FOOD PRODUCTS";"29AAYPL7451N1ZK";"1"
"251";"M/S Sri Dhanalaxmi Traders";"D.No.10-17-832,Port Road,Bunder, Mangalore-575001";"0824-2447841";;"M/s Sri Dhanalaxmi Traders";"29ABAFS792OE1Z5";"1"
"252";"Sunshine Distributorsrs";"ullal, MangaloreMangalore-575020";"9110414548,9686263810";"NO@com";"Sunshine Distributorsrs";"29ACIPU6577E1ZX";"0"
"253";"FOUNTAINHEAD SOLUTION";"Alpha Center Kankanady By-Pass Road Mangalore-5750";"8050275640";"fountainhead.fh@rediffmail.com";"FOUNTAINHEAD SOLUTION";"29AAXPW6230F1ZO";"1"
"254";"AKSHARA ENTERPRISES";"Vasantha Chambers D.No.5-5-308/2 Beasent Cross Roa";"9880671196";"hareeshaveritaz@gmail.com";"AKSHARA ENTERPRISES";"29ABKPH4700K1ZK";"1"
"255";"KEERTHAN ENTERPRISES";"Suvarna Service Station,Ujjodi Mangalore-575002";"9886784633";"NO";"KEERTHAN ENTERPRISES";"29AETPA6364A1ZH";"0"
"256";"EXCEL INDIA ENTERPRISES";"Shop No.14,Reagal Plaza 2nd Floor,Mission Street,B";"8151800017";"excelindia.ent@gmail.com";"EXCEL INDIA ENTERPRISES";"29AADFE4058K1Z6";"0"
"258";"BILAWAL FOODS";"Telecom House Road
Pandeshwar Mangalore
";"422791/7019966450";"bilawalfoods@gmail.com";"BILAWAL FOODS";"29AAHPF2298N2Z3";"1"
"259";"Noor mutton stall";"kankanady market
kankanady mangalore";"8147638955";;"Noor  mutton stall";"NO";"0"
"260";"ANACARDO INDUSTRIES";"Shivalli Industrial Area Behind Vegas Transport Ma";"7204177049";"anacardoindustries@gmail.com";"ANACARDO INDUSTRIES";"29ABFFA5123J1ZG";"0"
"261";"S.I.MARKETING";"11,13TH CROSS,MUDAMMA GARDEN EXTN,BANGALORE-560046";"ON PH";"SIMARKETING@REDIFFMAIL.COM";"S.I.MARKETING";"29AGKPM5838L1ZM";"0"
"262";"PAWAN MARKETING";"SHOP NO.188,FIRST FLOOR , MAX CITY COMPLEX, MAIDAN";"9591603428,8123662823";;"PAWAN MARKETING";"29GQYPS5965N1Z3";"1"
"263";"EULOGIA ENTERPRISES";"Mura Nagar,Old Airport Road,Bajipe";"9844613207";"eulogiaenterprise@gmail.com";"EULOGIA ENTERPRISES";"29AAGFE8839B1Z9";"1"
"264";"M/S.CHAKRA ENTERPRISES";"D.No.8-19/4,Kodical Main Road,Ashoknagar,Mangalore";"9880325286";"NO";"M/S CHAKRA ENTERPRISES";"29BGJPKO803M1Z7";"0"
"265";"GOKUL NAMKEEN";"Sachin-SAVINA Sadana,Tailory Road,
Mulihithlu Man";"9904877726";;"GOKUL NAMKEEN";"29CWZPP7875B1ZH";"1"
"266";"NALUR TRADING COMPANY";"MUNNUR POST KUTHAR MANGALORE";"8710888444,08242466669,8453666000";"nalurtradingco@gmail.com";"NALUR TRADING COMPANY";"29AAMFN3525D1Z9";"1"
"267";"YASHASWI AGENCIES";"D.No.6-6-116/1,2nd Cross Road,Gandhi Nagar,Mangalo";"9663634165,7353676635";"karthikpoojary53@gmail.com";"YASHASWI AGENCIES";"29DZEPK9378B1ZY";"1"
"268";"ALVAS SWEETS";"PANDTH HOUSE MANGALORE -757017";"9945773124";;"ALVAS SWEETS";"29AETPA6093E2Z6";"1"
"269";"VIJAYALAXMI TRADING COMPANY ";"10-17-846 PORT ROAD BUNDER  MANGALORE   
GSTIN/UI";"08242420858,2420644,9686144858";"VIJAYALAXMITRADING@GMAIL.COM";"VIJAYALAXMI TRADING COMPANY ";"29AAMFV7378Q1ZR";"1"
"270";"SOUZA TRADING COMPANY";"Souza Commercial Complex Highlands,Falnir Road Man";"0824-2432192";"contact@souzatrading.com";"SOUZA TRADING COMPANY";"29AEEPDO194E1ZT";"0"
"271";"BHAGYALAXMI ENTERPRISES";"Inoli Kana House,Pavoor  Post & Village Mangalore
";"9008318258";"no";"BHAGYALAXMI ENTERPRISES";"29DJDPB8668A1Z7";"0"
"272";"SRI DURGA SAVAYAVA MALIGE";"vara eminence ,NEAR AYODHYA HOTEL PVS CIRCLE
MANG";"7259789179,9482919579";"sdorganicproduct@gmail.com";"SRI DURGA SAVAYAVA MALIGE";"29AWRPB5514H1ZD";"1"
"273";"N N ENTERPRISES";"17-52 Kalpane Kulashekar Padavu";"8867672288";;"N N ENTERPRISES";"29AARPF8214A1ZT";"1"
"274";"SRI MATHA DISTRIBUTORS";"OPP KPTCL OFFICE MAROLI MANGALORE";"8073266311";"srimathadistributors3@gmail.com";"SRI MATHA DISTRIBUTORS";"29ADMFS0290F1ZU";"1"
"275";"QUANTUM CORPORATION";"15-17-885/5 2ND A CROSS SHIVBAGH KADRI MANGALORE";"08242219292";"info@quantumcorporation.in";"QUANTUM CORPORATION";"29BDUPS6044L1ZJ";"0"
"276";"HINDUSTAN DRY FISHES";"Kannur Mangalore";"9686604559";"hindustandryfishes@gmail.com";"HINDUSTAN DRY FISHES";"NO";"0"
"277";"B L ENTERPRISES";"Sri Nidhi Complex
Near Bus Stand ,Bajpe
Mangalor";"7795292435";"blenterprisesmangalore@gmai.com";"B L ENTERPRISES";"29AMEPL6745M1ZE";"0"
"278";"M/S GAJANANA AGRO FOOD INDUSTRIES";"Kundapura Udupi";"9448153975";"NO";"M/S GAJANANA AGRO FOOD INDUSTRIES";"29ABDPH4074P1Z6";"0"
"279";"TAZA HOME PRODUCTS";"Post Office Building,Marnamikatte , mangalore";"9945936136";"NO";"TAZA HOME PRODUCTS";"29AGEPA3691F1ZI";"0"
"280";"SHRI ARASU ENTERPRISES";"T.M.S.Complex K.C. Nagar K.C. Road ";"08970427345";"NO";"SHRI ARASU ENTERPRISES";"29ADIFS7699QIZK";"0"
"281";"MAHALINGESHWARA NEWS AGENCIES";"Gandhinagara kavoor
mangalore";"9980373072";;"MAHALINGESHWARA NEWS AGENCIES";"29CCKPD2072BIZY";"0"
"282";"A SQUARE FOOD AND BEVERAGES";"Masjid Hill Road,Jayashrigate,Bikarnakatte";"9591537090";"NO";"A SQUARE ROOD AND BEVERAGES";"29CYUPK9757Q1ZR";"0"
"283";"MANGALADEVI ENTERPRISES";"Nittur Udupi";"8139924385";"mangaladevienterprises@gmail.com";"MANGALADEVI ENTERPRISES";"29ABGFM1586Q1ZE";"0"
"284";"MALNAD PEARL";"Bhagavathi nagar m g road mangalore";"8197247707";"psbhandary55@gmail.com";"MALNAD PEARL";"29AESPB0851Q1ZW";"1"
"285";"C&L TECH SOLUTIONS";"109 ,7 TH CROSS MCEHS LAYOUT KARANTH NAGAR BANGALO";"8693883377";;"C&L TECH SOLUTIONS";"29AAGFL7072G1ZB";"1"
"286";"GAYATHRI SALES";"Beebi Alabi Road Mangalore";"9900323919";"no";"GAYATHRI SALES";"29CHCPK5958E1Z2";"0"
"287";"PADIYAR BAKERS";"7-D82, IND. ESTATE,BAIKAMPADY";"9916593003";"BAKERS@gmail.com";"PADIYAR BAKERS";"29AYKPP2048R1ZI";"1"
"288";"DILKUSH TRADERS";"KOTTARA CHOWKI";"9483910499";"NO";"DILKUSH TRADERS";"29ACEPR2559P1ZR";"0"
"289";"Sharico trading corporation";"calicut";"no";;"Sharico trading corporation";"32BBTPK4079C1ZH";"0"
"290";"Nana agro industries";"kollur road,kattbeltur,hemmady,Kundapura tq.";"9945523794,0254203789,9900937275";;"Nana agro industries";"29ANIPK5980G1ZJ";"1"
"291";"Choudhary brothers";"Maidan Cross Road
Bibi Alabi road
Mangalore";"9008858661";"no";"Choudhary brothers";"29AERPC5038F1ZE";"0"
"292";"RAMDEV METAL";"YENOPOYA MEDICAL COLLEGE,BIBI ALABI ROAD MANGALORE";"9980654815";"NO";"RAMDEV METAL";"29CSGPS9678Q1Z5";"0"
"293";"SHREE MARIKAMBA";"K.H.B.COLONY,SIRSI";"9242499162";"NO";"SHREE MARIKAMBA";"29AWLPV2112M1ZO";"0"
"294";"SRI GANESH AGENCIES";"24-13-1215/2,BELOW JHONSON BAKERY NANDIGUDDA CIRCL";"9845101301";"agencies_ganesh@yahoo.co.in";"SRI GANESG AGENCIES";"29ANKPR5449R1ZR";"1"
"295";"HYGIENE FOODS";"FERRER COLONY, VALENCIA";"NO";"NO";"HYGIENE FOODS";"29ADCPL7448L1ZZ";"0"
"296";"SAI MARKETING";"J.V.COMPLEX,
BUNDER";"9096068801";"dashrathsinghbhayal@gmail.com";"SAI MARKETING";"29CSTPS4791K1ZG";"0"
"297";"DEWAR  ENTERPRISES";"PUMPWELL,NANTHOOR ROAD MANGALORE";"9742145455";"NO";"DEWAR ENTERPRISES";"29AMPPA7267E1ZS";"0"
"299";"GAGAN ENTERPRISES";"REGAL PARK,DOOR NO-25 NEAR RAO &RAO CIRCLE, MANGLO";"08242420074,9448254303";;"GAGAN ENTERPRISES";"29AJAPB2924P1Z3";"1"
"300";"FRESH LOGIC MARKETING & SUPPLIES";"DEREBAIL, MANGALORE";"9731223347";"NO";"FRESH LOGIC MARKETING & SUPPLIES";"29AZOPV2320D1Z8";"0"
"301";"ZAMZAM AGENCIES";"KANDAK DOOR NO.26-6-385 BUNDER";"8550845122";"NO";"ZAMZAM AGENCIES";"29AHLB3333K1ZA";"0"
"302";"NATHJI AGENCY";"1st Floor, Mubarak Trade centre,opp. new service b";"9945273455,8050203669";;"NATHJI AGENCY";"29AQMPV2728C1ZI";"0"
"303";"MAMATA MARKETING";"1sT FLOOR, MUBARAKTRADE CENTRE, OPP. SERVICE BUS S";"0824-2447677,9448477677";;"MAMATA MARKETING";"29AKJPM5153F1ZZ";"0"
"304";"PARAS PUROHITH";"MUBARAK TRADE
OPP.SERVICE BUS STAND
MANGALORE";"9379087417";"dhanalaxmitoys@gmail.com";"PARAS PUROHITH";"NO";"0"
"305";"Mahalaxmi Electronics &Toys";"shop no34
City market
central market mangalore";"9448331301";"NO";"Mahalaxmi Electronics &Toys";"29AQXPR5316D1ZB";"0"
"306";"Tapasya Traders";"Kinnigoli Road
Mulki Kenchankere
Mangalore";"8884921555";;"Tapasya Traders";"29BMLPM2545Q1Z7";"1"
"307";"NEW FATHIMA AGENCIES";"BUNDER,MANGALORE";"7012150475";"NO";"NEW FATHIMA AGENCIES";"29AAOFN5465C1ZY";"0"
"308";"Pawan Immitation Jewellers";"maidan 4th cross road
mangalore";"8879561145";"no";"Pawan Immitation Jewellers";"29CSZPD4833P1Z0";"0"
"309";"Lotezy E-commerce co.";"no.524,1st floor,hegde nagar main road opp: muthoo";"no no";;"Lotezy E-commerce co.";"29AAGFL9583K1ZG";"0"
"310";"Panchmal Trading Co,";"Port Road Bunder";"no";"vasanthpanchmal@yahoo.com";"Panchmal Trading Co";"29BICPS2708A1Z1";"0"
"311";"GEETHANJALI ENTERPRISES";"WALBEN MALEMAR
KOTTARA CHOWKI ASHOKNAGAR";"0824-2451139";"NO";"GEETHANJALI ENTERPRISES";"29AALFG7658R1Z6";"0"
"312";"RAJLAXMI PLASTIC";"RAM LUNCH HOME
MANGALORE";"8217342728";"rajlaxmiplastic135@gmail.com";"RAJLAXMI PLASTIC";"29BCCPR2992B1ZG";"0"
"313";"SRI KATEELESHWARI  ENTERPRISES";"VAMANJOOR MANGALORE";"9535625870";"NO";"SRI KATEELESHWARI ENTERPRISES";"29CDQPS3645Q1ZB";"0"
"314";"BANU ENTERPRISES";"N.S.ROAD MYSORE,
KARNATAKA.";"9986716745";"info@banuenterprises.co.in";"BANU ENTERPRISES";"29AHGPV7148B1Z1";"0"
"315";"THIRUMALA TRADERS";"MANGALORE";"NO";"NO";"THIRUMALA TRADERS";"NO";"0"
"316";"Demo CO LTD";"Demo addressi vittal
";"no";"no";"Demo CO LTD";"NO";"0"
"317";"RAJARAM GLASS&CROCKERY";"C B COMPLEX MAIDAN CROSS MANGALORE";"9900377928";"NO";"RAJARAM GLASS&CROCKERY";"29ANOPC7133P1ZD";"0"
"318";"KRISHNA CROCKERY & KITCHENWARE";"MAX CITY COMPLEX,MAIDAN ROAD MANGALORE";"2445193";"kckmangalore@gmail.com";"KRISHNA CROCKERY & KITCHENWARE";"29CJXPP8723K1Z1";"0"
"319";"JOLLY STORES";"General Merchants 14-1-46/3 , c.j Apts. Partao Lan";"9483458558";;"JOLLY STORES";"29AACFJO785D1ZF";"1"
"320";"MODERN FOOD ENTERPRISES PVT.LTD.";"BANGALORE";"8722663510";;"MODERN FOOD ENTERPRISES PVT. LTD.";"29AAECN8400E1ZL";"1"
"321";"SHEETHAL PHARMA";"MAIN ROAD MOODBIDRI";"9483707410";"NO";"SHEETHAL PHARMA";"29ADDPJ3483E1ZK";"0"
"322";"MANJUNATH STATIONERS";"ELITE COMMERCIAL COMPLEX , B.B ALABI ROAD MANGALOR";"08242440249";;"MANJUNATH STATIONERS";"29AGYPK6077H1ZI";"0"
"323";"MANJUNATH STATIONERS";"B.B.ALABI ROAD MANGALORE.";"2440249";"NO";"MANJUNATH STATIONERS";"29AGYPK6077H1ZI";"0"
"324";"shammas enterprises";"MAIN ROAD, GURUPUR,MANGALORE";"9880070519,9880720235,";;"shammas enterprises";"29BMJPS9717A1Z0";"1"
"325";"PLASTIC LAND";"BEEBI ALABI ROAD MANGALORE";"4268185";"NO";"PLASTIC LAND";"29AADFP9085B1Z1";"0"
"326";"Ashwini Associates";"Guru Prasad lane
Gorigudda 
Mangalore";"9945612144";"-";"Ashwini  Associates";"29AAVFA9773B1ZV";"0"
"327";"G K V NETWORKS";"BADAGUBETTU GRAMA KASTURBA NAGAR
UDUPI";"9880914702";;"G K V NETWORKS";"29XMPR3143G1Z5";"1"
"328";"KATHIJA UL KUBRA HOME PRODUCTS";"-";"-";"-";"KATHIJA UL HOME PRODUCTS";"-";"0"
"329";"KRITHI ENTERPRISES";"Sequeira mansion long lane urwa mangalore";"0824-2453550";"-";"KRITHI ENTERPRISES";"29ADGPR9658A1Z4";"0"
"330";"M/S VAISHNAVI INCORPORATION";"KODIALBAIL MANGALORE";"7406600090";"-";"M/S VAISHNAVI INCORPORATION";"29AVXPP2808B1Z8";"0"
"331";"ROYAL FOOD PRODUCTS";"OPP ST ALOYSIUS COLLEGE BEERI KOTEKAR";"9448443121";"-";"ROYAL FOOD PRODUCTS";"-";"0"
"332";"3-CONE MARKETING SERVICES";"D/NO. 1-18/35. NH -17 CROSS ROAD V-GUARD, HAVELLS,";" 0824 2455884, 9886081002,9886065";"3cone.marketing@gmail.com";"3-CONE MARKETING SERVICES";"29AAAFZ4546N1ZH";"1"
"333";"B M FOOD INDUSTRIES";"PANEMANGALORE BANTWAL";"7353209978";"-";"B M FOOD INDUSTRIES";"29CADQPR2973A1ZA";"0"
"334";"ORICUM HEALTHCARE INC.";"NO.2-20-100/7,REGO COMPOUND,UMIKAN,KULSHEKAR, MANG";"8861741666";"oricumhealthcare@gmail.com";"ORICUM HEALTHCARE INC.";"29AAFF01886K1ZO";"0"
"335";"SHRI GANESHA TRADERS";"JELLIGUDDA
MANGALORE";"9482968450";"ganeshuh1979@gmail.com";"SHRI GANESHA TRADERS";"29ALLPG8821F1ZW";"1"
"336";"ROVE ENTERPRISES";"Fernades brothers
compound";"0824-2232147";"rove.mangalore@gmail.com";"ROVEENTERPRISES";"29BMUPD4151L1ZJ";"0"
"337";"OM SHRI HOME PRODUCTS";"NARICOMBU BANTWAL ";"9008136883";"-";"OM SHRI HOME PRODUCT";"29CCXPB0427P1ZZ";"0"
"338";"YAKULT DANONE INDIA PVT LTD";"GANGADHAR
BANGALORE";"080-41510746";"-";"YAKULT DANONE INDIA PVT LTD";"29AAACY2585R1ZD";"0"
"339";"RASHMI ENTERPRISES";"GURUPURA KAIKAMBA";"9481960133";"-";"RASHMI ENTERPRISES";"29AWGPG5008A1ZO";"0"
"340";"NAVA JYOTHI  DISTRIBUTORS";"DONGARAKERY
MANGALORE";"9844764145";;"NAVA JYOTHI DISTRIBUTORS";"29AHYPK6525B1ZZ";"0"
"341";"AHMED BROTHERS";"AZIZUDDIN ROAD BUNDER";"2420237";"-";"AHMED BROTHERS";"29AADFA8171H1ZB";"0"
"342";"R P AGENCIES";"SHREE GORAKSHANATHA JNANA MANDIR
KADRI MANGALORE";"0824-2215541";"-";"R P AGENCIES";"29AAXFR5083R1ZS";"0"
"343";"MILKERS";"SOUTH KALAMASSERY
KOCHI";"9686126401";"-";"MILKERS";"-";"0"
"344";"FOX COMPANY";"KANKANADY MANGALORE";"7760758929";"-";"FOX COMPANY";"29AKGPR7758E1ZK";"0"
"345";"FATHIMA TRADERS";"MAIDAN CROSS ROAD
MANGALORE";"8722112288";"-";"FATHIMA TRADERS";"29AAAFF4919M1Z2";"0"
"346";"SAROJ FOOD INDUSTRIES";"DOOR NO1-9(1)BUDOLI MANI,BANTWAL";"9448150980,9448300702";"mahaveerprasad490@gmail.com";"SAROJ FOOD INDUSTRIES";"29ABAFS8634H1ZU";"1"
"347";"NAGARATHNA TRADING CO";"BUNDER
MANGALORE";"9986321777";"-";"NAGARATHNA TRADING CO";"29AABFN1319C1ZQ";"0"
"348";"S R G ENTERPRISES";"PUMPWEL NANTHOOR
,MANGALORE";"789978799";"-";"S R G ENTERPRISES";"-";"0"
"349";"JALAGANGA STORES";"BHAVANTHI STREET
MANGALORE";"9741501644";"-";"JALAGANGA STORES";"29AFPPM1243M1ZY";"0"
"350";"B K ENTERPRISES";"DERALAKATTE";"8880827247";"-";"B K ENTERPRISES";"29ALTPA3850A1Z9";"0"
"351";"RADHA COFFEE WORKS";"BUNDER
MANGALORE";"08242420914";"-";"RADHA COFFEE WORKS";"29AABFR6624E1Z8";"0"
"352";"GOOD LUCK DISTRIBUTORS";"MISSION STREET
STATE BANK
MANGALORE";"9844846901";"ggodluckdistributors1@gmail.com";"GOOD LUCK DISTRIBUTORS";"29AASFG7814J1ZP";"0"
"353";"ROYAL FOOD INDUSTRIES";"MULKI MANGALORE";"7676727980";"-";"ROYAL FOOD INDUSTRIES";"-";"0"
"354";"JAYALAXMI TRADERS";"BUNDER
MANGALORE";"9481513877";;"JAYALAXMI TRADERS";"29CJBPS879Q1Z2";"1"
"355";"MANGALORE STORES";"NEAR ADAPPA HOSPITAL
PANDESHWARA";"9686143012";"-";"MANGALORE STORES";"29AVRPS7346D1ZW";"0"
"356";"LAKSHMI SALES";"8TH CROSS ROAD MARUTHI LAYOUT BANGALORE";"9845992732";"-";"LAKSHMI SALES";"29AJDPC7766M1ZN";"0"
"357";"MAROOR AGENCIES";"BUNDER MANGALORE";"9980977633";"maroor.agencies@gmail.com";"MAROOR AGENCIES";"29AAEFM3749C1ZA";"0"
"358";"SHIVALLI HOME PRODUCTS";"MALANGOLI BELAPU
UDUPI";"9845192867";"-";"SHIVALLI HOME PRODUCTS";"29CDSPR4515E1Z4";"0"
"359";"NARAYAN METALS";"BIBI ALABI ROAD,
MANGALORE-1";"9448456379";"-";"NARAYAN METALS";"29AFKPD0360F1ZR";"0"
"360";"MEENAKSHI METAL";"MAX CITY COMPLEX,
MAIDAN 4TH CROSS,
MANGALORE-57";"09535339281";"meenakshimetaludaysingh@gmail.com";"MEENAKSHI METAL";"29BBRPR7800Q1ZJ";"0"
"362";"TRINETHRA ENTERPRISES";"manjushree
UJJODI nekaremar kankanady MANGALORE-5";"08242244876,8073901195,9916283506";"trinethraenterprises05@gmail.com";"TRINETHRA ENTERPRISES";"29DFCPS2740D1ZH";"1"
"363";"KANARA COLLEGE  BOOK CO";"PVS,KS RAO ROAD, MANGALURU";"08197247707";"psbhandary55@gmail.com";"KANARA COLLEGE  BOOK CO";"29AFSPB8352D1Z9";"1"
"364";"KOMAL S SWEETS";"KOMAL S PUSHPANJALI
ALAKE MANGALORE";"2496244";"-";"KOMAL S SWEETS";"29AA0FK5085B1Z3";"0"
"365";"SHA SHAMBHULAL NATHALAL & cO";"MAIDAN 1 ST CROSS ROAD
MANGALORE";"9449552731";"-";"SHA SHAMBHULAL NATHALAL & CO";"29AALFS8076K1ZA";"0"
"366";"SHALIMAR DRESSES";"MARKET ROAD
MANGALORE";"4257116";"shalimardresses@gmail.com";"SHALIMAR DRESSES";"29AANFS3728E1ZW";"0"
"367";"FOOD PEARLS";"BAIKAMPADY MANGALORE";"001";"-";"FOOD PEARLS";"29ADGPB5178D1ZN";"0"
"368";"SWADHIST FOODS";"ATTAVARA MANGALORE";"7899984643";"-";"SWADHIST FOODS";"-";"0"
"369";" PHOENIX INTERNATIONAL SUPPLY CO";"sharu tower KAPRIGUDDA FALNIR
MANGALORE";"9620355166,0824 4115166";;"PHOENIX INTERNATIONAL SUPPLY CO.,";"29BNZPJ7365N1ZO";"1"
"370";"RATNA S EXCLUSIVE";"SURATHKAL MANGALORE";"9611475342";"-";"RATNA S EXCLUSIVE";"-";"0"
"371";"ALPHA DISTRIBUTORS";"MARIA KRIPA OLD AIRPORT BAJPE MANGALORE";"7899924547";"alphadistributors04@gmail.com";"ALPHA DISTRIBUTORS";"-";"0"
"372";"H KAMALAKSH SHENOY & CO";"BUNDER
MANGALORE";"0001";"hk-shenoy@yahoo.co.in";"H KAMALAKSH SHENOY&cO";"29AAAFH8964N1ZL";"0"
"373";"UDUPI HOME MADE";"UDUPI";"0002";"-";"UDUPI HOME MADE";"-";"0"
"375";"AKSHAY ENTERPRISES";"BEHIND ST-JOSEPH CHURCH ATTAVARA MANGALORE";"0003";"akshayenterprisesmlr@gmail.com";"AKSHAY ENTERPRISES";"29BYPPB6211G1ZG";"0"
"376";"STAR ENTERPRISES";"BEJAI MANGALORE";"0008";"-";"STAR ENTERPRISES";"-";"0"
"377";"KAIRALI PRODUCTS";"AISHWARYA COMPLEX
RAMACHANDRAPURA JALAHALLI
BANG";"080-28381065";;"KAIRALI PRODUCTS";"29CFZPS8185QIZL";"1"
"378";"GREEN CHILLIES";"plot no. R 11,baikampady industrial area,mangalore";"9880823229";"greenchilliesmangalore@gmail.com";"GREEN CHILLIES";"29AEBPA6208H1ZU";"1"
"379";"AARAV ENTERPRISES";"AISHWARYA COMPLEX
KOTEKAR
MANGALORE";"8197630369";"-";"AARAV ENTERPRISES";"29ABMFA5277E1Z5";"0"
"380";"KINIYAS FOODS PRIVATE LIMITED";"UDUPI ";"9482013948";"INFO@KINIYAS.COM";"KINIYAS FOODS PRIVATE LIMITED";"29AAGCK1673E1ZH";"0"
"381";"Z R DISTRIBUTORS";"MUNZAR MANZILL OPP OLD KADRI POLICE STATION";"8151842302";"zrdistributors@gmail.com";"Z R DISTRIBUTORS";"29AZVPC5821F1Z4";"1"
"382";"A J FOODS";"PUTTUR MAIN ROAD";"9480030670";"-";"A J FOODS";"29ABMFA7317F1ZA";"0"
"383";"UDAYA STEELS";"PLOT NO21B
SHIVALLI INDUSTRIAL
AREA
";"0824-52229";"-";"UDAYA STEELS";"29AABFU5772G1ZU";"0"
"384";"UDAYA ALUMINIUM INDUSTRIES MANIPAL";"MANIPAL";"0822-3698";"-";"UDAYA ALUMINIUM INDUSTRIES MANIPAL";"29AAAFU4486C1Z2";"0"
"385";"UDAYA STEEL PRODUCTS";"UDUPI";"0822-21458";"-";"UDAYA STEEL PRODUCTS";"29ACNPB9444L3ZY";"0"
"386";"NAVYASHREE";"VAJRA BUILDING NEAR STATE BANK";"7760319593";"navyashreeeorggeggcenter@gmail.com";"NAVYASHREE";"-";"0"
"387";"MOMIN ENTERPRISES";"BOLAR MANGALORE -575001";"9845033558";;"MOMIN ENTERPRISES";"29AGDPA6541R1ZZ";"1"
"388";"RAMANATH MARKETING";"KARANGALAPADY MANGALORE";"0824-4253052";"-";"RAMANATH MARKETING";"29AKNPP3411H1ZZ";"0"
"389";"RAMANATH APPAREL";"KARANGALPADY MANGALORE";"0824-22451";"-";"RAMANATH APPAREL";"29AKNPP3411H1ZZ";"0"
"390";"ANUGRAHA ENTERPRISES";"KAVOOR MANGALORE";"9945322557";"-";"ANUGRAHA ENTERPRISES";"29BFLPS6999K2Z1";"0"
"391";"V.V AGENCIES";"SHRI DURGA COMEX,5-4-233/1
BALLAL BAGH MANNAGUDDA";"08244269777,9845226077";;"V.V AGENCIES";"29AAFFV6869F1ZJ";"1"
"392";"KEMMALE FOOD &BEVERAGES";"P M ROAD HAMPANKATTA MANGALORE";"8722990000";"-G@K.COM";"KEMMALE FOOD &BEVERAGES";"29AATFK3153F1Z1";"1"
"393";"M MUKUNDA DAMODAR HEGDE & BRO";"
























";"0824-2421838";"-";"M MUKUNDA DAMODAR HEGDE&BROS";"29AACFM3776D1Z7";"0"
"394";"DEV SNACKS";"NO:E-53, SRI LALITHA NIVAS GROUND FLOOR, BALAJI EX";"9538398598,9739638400";;"DEV SNACKS";"29AGHPR6222N1ZS";"1"
"395";"JALADURGA ENTERPRISES";"VISHNU TOWERS SHALLEPADAVU
MOODUSHEDE MANGALORE";"8957576625,8951516658";;"JALADURGA ENTERPRISES";"29AVVPC9824A1ZB";"1"
"396";"SUMITHRA";"MANNAGUDDA MANGALORE";"9945155380";"-";"SUMITHRA";"-";"0"
"397";"MAHALINGESHWARA DISTRIBUTORS";"KAVOOR MANGALORE";"08240245589";"deepudas89@gmail.com";"MAHALINGESHWARA DISTRIBURORS";"29CCKPD2072B1ZY";"1"
"398";"NASH TRADING COMPANY";"J M ROAD BUNDER
MANGALORE";"0824-4255656,2424656/2424748";"nashfoods@gmail.com";"NASH TRADING COMPANY";"29AAEFN3733B1ZJ";"1"
"399";"M/S G .N.H KINI";"PORT ROAD BUNDER MANGALORE";"0824-24698325";;"M/S G.H.H KINI";"29AACFG4131E1ZS";"1"
"400";"PLASTIC HOUSE";"MAIDAN CROSS ROAD 
MANGALORE";"2448374";"plastichouse@yahoo.co.in";"PLASTIC HOUSE";"29ACTPA2821N1Z8";"0"
"401";"ESQUIRE MULTIPLASTPVT LTD";"BUILDING NO 18/509,510 VENGARA VAYAI
KANNUR";"9075317466";"-";"ESQUIRE MULTIPLAST PVT LTD";"32AAHCA0218L1Z1";"0"
"402";"T T R GENERAL STORE";"BIBI ALABI ROAD
MANGALORE";"0824-245589";"-";"T T R GENERAL STORE";"29AADFT9509J1ZN";"0"
"403";"PHOENIX DISTRIBUTORS";"JEPPINAMOGARU MANGALORE";"8147983635";"-";"PHOENIX DISTRIBUTORS";"29AASFP7440B1ZZ";"0"
"404";"LIFEON NATURAL FOOD PRODUCTS";"THUMBE BANTWAL KARNATAKA ";"0824-248659";"lifeonteagroup@gmail.com";"LIFEON NATURAL FOOD PRODUCTS";"29AAHFL3669H1ZV";"1"
"405";"NIYATHI AGENCIES";"AVE MARIA PACHANADY BONDEL MANGALORE";"9480486767";"nthithi@gmail.com";"NIYATHI AGENCIES";"29BHGPK1240N1Z5";"0"
"407";"L M J ENTERPRISES";"BEHIND URDU SCHOOL BUNDER MANGALORE";"2422733";"-";"L M J ENTERPRISES";"29AGHPS4718E1Z5";"0"
"408";"GEETA STORES";"109,JEWELLLERS STREET,SHIVAJI NAGAR,BANGALORE-5600";"41266562,9845015546";;"GEETA STORES";"29AABFG0698R1ZM";"0"
"409";"NUTS AND GRAINS";"KULSHEKARA MANGALORE";"9164946959";"nutsandgrains,sales@gmail.com";"NUTS AND GRAINS";"29ABFFA8069F1Z6";"0"
"410";"EXIMI -S";"UDUPI ";"8105456866";;"EXIM-S";"29BXLP9084R1ZS";"0"
"411";"GAJALAXMI ENTERPRISES";"JYOTHI COMPLEX URWA STORE MANGALORE";"9400305946";"ashokmnambiar@gmail.com";"GAJALAXMI ENTERPRISES";"-";"0"
"412";"THE SPICY TOOTH";"BUNDER MANGALORE";"9972411941";;"THE SPICY TOOTH";"29AANFT9028J1ZF";"1"
"413";"DELITE FRESH FOODS";"BOLLANKINI-UDDABETTU, MALLUR POST, MANGALURU-57502";"8904021335";"-";"DELITE FRESH FOODS";"29AANFD3673M1ZQ";"0"
"414";"SHRI KATYAYANI TRADERS";"ASHOK NAGAR, MANGALORE - 575006";"9148953044";"-";"SHRI KATYAYANI TRADERS";"29CVIPP9950P1ZB";"0"
"415";"EZEEPACK";"MAIDAN CROSS ROAD, MANGALORE.";"2441672";"-";"EZEEPACK";"29ADTPB6997M1ZE";"0"
"416";"THE INDIAN INDUSTRIALS AND AGENCIES";"K.S.RAO ROAD, MANGALORE.";"08242440404,9844043876";;"THE INDIAN INDUSTRIALS AND AGENCIES";"29AEDPK9806M1ZX";"1"
"417";"DULHAN ORGG EGG CENTRE";"THOKKOTTU, MANGALORE.";"  7760319593";"-";"DULHAN ORGG EGG CENTRE";"-";"0"
"418";"S K TRADERS (SAI KATEEL TRADERS)";"1222152, DURGA SAUDA, OPP FLOWER MARKET, CARSTREET";"9844910550";"sktradersmlore@gmail.com";"S K TRADERS (SAI KATEEL TRADERS)";"29ADSFS2286B1ZO";"0"
"419";"NATURALINE NATURACEUTICALS  PVT LTD";"#1-92, SRI KRISHNA ARCADE, AIRPORT ROAD, PADAVINAN";"7760508913";"sukeshmy@naturaline.com";"NATURALINE NATURACEUTICALS  PVT LTD";"29AAFCN5472R1ZJ";"0"
"420";"R R DISTRIBUTORS";"MANGALORE";"08244288999";"-";"R R DISTRIBUTORS";"29AAXFR5648C1ZK";"0"
"421";"TAPASYA ENTERPRISES";"GROUND FLOOR  3-W-27-2234   KADRI ro MANGALORE";"797535008;9886655882,9741436141";;"TAPASYA ENTERPRISES";"29ALWPM7751MIZX";"1"
"422";"MUKTHA DISTRIBUTORS";"D.NO. 6-39/2,
SWAMY KRIPA BUILDING,
ALAGUDDE, KO";"0824226644";"mukthadistributors@gmail.com";"MUKTHA DISTRIBUTORS";"29ABIFM2156L1ZU";"0"
"423";"PRAVEEN PINTO";"MANGALORE POULTRY, SURATHKAL, MANGALORE.";"7026753151";"-";"PRAVEEN PINTO";"-";"0"
"424";"INDIAN DRY FRUITS";"CENTRAL MARKET, 
MANGALORE-575001";"9591846854";"-";"INDIAN DRY FRUITS";"29CHGPR2774H1ZT";"0"
"425";"NEW JANANI";"D.NO. 7-10-1043, BOLOOR, MANGALORE-575003";"0824665531";"-";"NEW JANANI";"-";"0"
"426";"MATILDA SOLUTIONS Pvt.Ltd";"24 VALLABH NAGAR, RAIPUR, CG, INDIA 492001";"7892004965";"3sistersdrinks@gmail.com";"MATILDA SOLUTIONS Pvt.Ltd";"22AALCM1572H1ZK";"0"
"427";"P&G BOOK COMPANY";"59-12, BANTWAL, DK, KARNATAKA";"9611393477";;"P&G BOOK COMPANY";"29GHUPS7381L1ZZ";"1"
"428";"DINE FOODS ";"DINE FOODS  2-82/K , KAIRALI COMPLEX,KALKATTA,MANG";"9188800092";"dinefoodsindia@gmail.com";"DINE FOODS ";"29AAPFD1083K1Z0";"1"
"429";"KOZHIKODENS KODAGU DIVISION";"GONDIBASAVANAHALI, MADAPATTNA POST, KUSHALNAGAR SO";"9847338830";"kozhikodensbanqaloresales@gmail.com";"KOZHIKODENS KODAGU DIVISION";"29AAZPF0862E2ZE";"1"
"430";"VBAZAAR GENERAL STORE";"NEAR CENTRAL MARKET CASBA BAZAR, MANGALORE.";"9902238365";"-";"VBAZAAR GENERAL STORE";"29AGPPB5489H2ZT";"0"
"431";"MAYA TRADING CO";"KODIALBAIL, KAMBLA WARD, MANGALURU.";"9341688886,81970568886,0284 42678";"gurudath72@gmail.com";"MAYA TRADING CO";"29ATVPP5928L1ZI";"1"
"432";"CHIPVALLEY FOODS PVT.LTD";"RABALE, NAVI MUMBAI, MAHARASHTRA";"9449332299";"kokaindia@gmail.com";"CHIPVALLEY FOODS PVT.LTD";"27AAACA3812D1ZA";"0"
"433";"MADHAV NOVELTY";"OPP SERVICE BUS STAND, MANGALORE-1";"9712497862";"-";"MADHAV NOVELTY";"29EEVPK2429N1ZK";"0"
"434";"VAISHNAVI SURGICALS";"MAROLI MANGALORE";"9902185559";"-";"VAISHNAVI SURGICALS";"29AUFPR9511E1ZE";"0"
"435";"YEFMART HYPERMARKET PVT LTD";"F A TOWER
J M ROAD
MANGALORE";"0008242422331";"-";"YEFMART HYPERMARKET PVT LTD";"29AABCY0730B1ZQ";"0"
"436";"NEWMAN SALES CORPORATION";"JAMIYA MASJID BUILDING SALMAR,
KARKALA-574104";"9743700915";"-";"NEWMAN SALES CORPORATION";"29BAHPM7073H1ZA";"0"
"437";"M R ENTERPRISES";"PORT ROAD, BUNDER,
MANGALURU-575001";"08242428559";"-";"M R ENTERPRISES";"29AABFM8208R1ZM";"0"
"438";"VANDANA SWEETS";"D.NO.3-288/1,
MANGALORE.";"9902142557";"vandanasweets7@gmail.com";"VANDANA SWEETS";"-";"0"
"439";"SURGI WORLD";"MAROLI, MANGALORE.";"9945055539";"-";"SURGI WORLD";"29AUFPR9510F1ZD";"0"
"440";"GOURI FOOD PRODUCTS";"PLOT NO. 3502/30/D, SHIVAGIRI, 2ND MAIN,
UNKAL CR";"9743709148";"-";"GOURI FOOD PRODUCTS";"-";"0"
"441";"SOORYA ELECTRONICS";"D.NO. 17-7-486/1,
VALNECIA, MANGALORE.";"08241774861";"sooryaelectronicsmdc@gmail.com";"SOORYA ELECTRONICS";"29AMPPD2675M1ZE";"0"
"442";"ELAHI TRADING CO";"ATTAVAR, KAPERIGUDDA, MANGALORE - 575002";"8971544944";"-";"ELAHI TRADING CO";"29AHNPA5714B1ZN";"0"
"443";"HANJUNG EXIM PRIVATE LTD";"36, KRISHNA COLONY,
TRICHY ROAD, 
COIMBATORE - 5";"08244416190";"hjexim@hotmail.com";"HANJUNG EXIM PRIVATE LTD";"33AACCH5262N1ZF";"0"
"444";"SANDESHA ENTERPRISES";"KRISHNAKODI,GOLTHAMAJAL VILLAGE,
KALLADKA 574222";"9902669038";"sandeshaenterprises2016@gmail.com";"SANDESHA ENTERPRISES";"29ESHPS1635C1ZM";"0"
"445";"BARTERSPHERE TRADING PRIVATE LIMITED";"# 4/1 SERPENTINE ROAD KUMARA PARK WESTBANGALORE, K";"918023468899";"-";"BARTERSPHERE TRADING PRIVATE LIMITED";"29AAGCB0764M1ZB";"0"
"446";"MANGAL SALES & MARKETING";"#365 A RAMANNA STREET DEVRAJ MOHALLA MYSORE";"08214245535";"msm.mys@gmail.com";"MANGAL SALES & MARKETING";"29AECPN7816B1ZK";"0"
"447";"SRINIVAS COMMERCIALS";"BOLOOR, 
MANGALORE.";"9972929292";"-";"SRINIVAS COMMERCIALS";"29ANAPS9984Q1ZM";"0"
"448";"SHREE MATHA ENTERPRISES";"MANGALA SANKEERNA, NEAR SUSHRUTHA HOSPITAL BYPASS ";"9482691163";"-";"SHREE MATHA ENTERPRISES";"29BSKPB5085R1ZW";"0"
"449";"FAMOUS FOOD";"ZEENATH PLAZA, AMMEMAR, MANGALORE - 574143";"9164688903";"-";"FAMOUS FOOD";"-";"0"
"450";"ROHINI ENTERPRISES";"8-112/1, PADAVU KANADKA, SHAKTHINAGAR, MANGALURU-5";"9742070016";"-";"ROHINI ENTERPRISES";"29AWKPN2874P1ZI";"0"
"451";"FINE LAND AGRO ORGANICS";"ROYAL PRIDE, BOLAR LEEWEL, MANGALURU- 575001";"8310452560";"finelandagroorg@gmail.com";"FINE LAND AGRO ORGANICS";"29GXLPS3827P2Z8";"0"
"452";"BRAHMARI ROTTI MANE";"NEAR NARAYANA SANIL GOVT. HIGH SCHOOL, POST HALEAN";"7899766284";;"BRAHMARI ROTTI MANE";"29BDGPB6123D1ZZ";"1"
"453";"LYF SENSE CORP";"16-5-359/2
VAS LANE 1ST CROSS FLANIR, MANGALORE 
";"08245564563";"-";"LYF SENSE CORP";"29AOOPM0718H1ZP";"0"
"454";"SRI GANESH TRADERS(BA)";"SWASTHI CASHEW CAMPOUND PADAVINANGADI-8";"08242972339";;"SRI GANESH TRADERS(BA)";"29ABRPB4036B1ZX";"1"
"455";"SRI SAI AGENCIES";"D.NO. 7-7-895, GROUND FLOOR, BOCKAPATNA ROAD, BOLO";"9986220722";"-";"SRI SAI AGENCIES";"29ADSFS1530J1ZM";"0"
"456";"M PUNDALIK MALLYA";"CHAMBER ROAD, BUNDER, MANGALORE-575001";"08245242631";"mpmallya2010@gmail.com";"M PUNDALIK MALLYA";"29ADKPM0205E1ZW";"0"
"457";"GIFT INN TRADING";"DOOR NO 5, 12-1133/5
OPP. VISHAL CHILDRENS HOSPIT";"08242493236";"giftinntrading14@gmail.com";"GIFT INN TRADING";"29BIIPB5504R1ZU";"0"
"458";"BADTHODI KAMALAKSHA SHENOY";"MERCHANTS, BUNDER, MANGALORE-575001";"9448457510";"-";"BADTHODI KAMALAKSHA SHENOY";"29AKMPS6506R1Z2";"0"
"459";"SANNIDHI ENTERPRISES";"DOOR NO. 1-33, GROUND FLOOR, OPP: INLAND WINDSORS,";"9886757079";"-";"SANNIDHI ENTERPRISES";"29ADTFS9162K1ZZ";"0"
"460";"PAVAKI GROUP";"D.NO.2-69/4,
KOTEKANI ROD, SAJIPAPADU, BANTWALA-5";"08255271844";"-";"PAVAKI GROUP";"29AAWFP8968J1ZV";"0"
"461";"SHREE GOPAL AGENCY";"GROUND FLOOR, 5-11-1069/1
NITYANANDA KRIPA
1ST M";"9036463612";"-";"SHREE GOPAL AGENCY";"29ADVFS9597G1ZR";"0"
"462";"AAYILYA DISTRIBUTORS";"3W-30-2487/1, KADRI KAMBLA ROAD, MANGALORE-575004";"08242988417";"aayilyadisributor@gmail.com";"AAYILYA DISTRIBUTORS";"29ANOPS2165F1ZK";"0"
"463";"K.K. FOOD SUPPLIERS";"MANCHI, BANTWAL";"9611101494";"-";"K.K. FOOD SUPPLIERS";"29CERPK6126C1ZB";"0"
"464";"BLUE MOON BOTTLING COMPANY";"AJJINADKA, KOTEKAR POST, MANGALORE-575022";"08242244123";"bluemoonsindia@gmail.com";"BLUE MOON BOTTLING COMPANY";"29AALFB5855D1Z9";"0"
"465";"MARDIA SALES CORPORATION";"#136,3rd Main Road, 9TH CROSS, CHAMRAJPET, BANGALO";"080-48665947,8453636298";"skmardia@yahoo.com";"MARDIA SALES CORPORATION";"29AGQPM8859F1ZI";"0"
"466";"SURGICAL REMEDY HEALTHCARE CO.";"NO.202, 2ND FLOOR, ABHIMAN COMMERCIAL COMPLEX KODI";"08244252945";"sales@surgicalremedy.com";"SURGICAL REMEDY HEALTHCARE CO.";"29AMSPB5220H1Z1";"0"
"467";"LAXMI POWER SOLUTIONS(LAXMI ENTERPRISES)";"DN.1-350/4Y.M.COMPLEX KODIPPADY, 34 NEKKILADY, PUT";"9481390466";"laxmipowersolutions8gmail.com";"LAXMI POWER SOLUTIONS(LAXMI ENTERPRISES)";"29AKSPG6226C1Z2";"0"
"468";"MANGALORE TAKEOUT";"PLOT NO.34, INDUSTRIAL AREA, KOLNAD, MILKI, MANGAL";"08242983599";"customercare@mtakeout.in";"MANGALORE TAKEOUT";"29ABGFM9824P1ZB";"0"
"469";"supreme enterprises";"1n5 403 dwarakanagr kottaramangaluru 575006";"09611393477";;"supreme enterprises";"29ADVFS7334K1Z3";"1"
"470";"PREMIER SPRINGS PRIVATE LIMITED";"D.No.2-69/4, KOTEKANI ROD, SAJIPAPADU, BANTWALA-57";"9901802256";"-";"PREMIER SPRINGS PRIVATE LIMITED";"29AAGCP4301G1ZL";"0"
"471";"FOOT LINE";"SHOP NO.12, BASEMENT FLOOR VISHWAS CROWN, NEAR COC";"08242435533";"-";"FOOT LINE";"29AACFF0334N1ZD";"0"
"472";"PANAMA MARKETING";"1-315(8), PANAMA LIFE STYLE COMPLEX, VITTAL ROAD, ";"9964280892";"-";"PANAMA MARKETING";"29CCAPK6893B1ZG";"0"
"473";"BSL INDIA PVT. LTD.";"2ND FLR, NANDA COMMERCIAL COMPLEX, PPC ROAD, UDUPI";"08204299731";"-";"BSL INDIA PVT. LTD.";"29AAFCB8053N1Z4";"0"
"474";"LAXMI PLASTIC";"1ST FLOOR, SHOP NO.101, MUBARAK TRADE CENTRE, MAID";"9409409371";"-";"LAXMI PLASTIC";"29ARXPR9600B1ZA";"0"
"475";"M/S SRINIVASA RURAL INDUSTRIES";"KANKERE ROAD BALEHONNUR 
CHIKMANGALUR
";"9482284587";"-";"M/S SRINIVASA RURAL INDUSTRIES";"29AWCPD4480F1ZN";"0"
"476";"BALIGA DISTRIBUTING COMPANY";"SRI KRISHNA PRASAD BUILDING LALBAGH, MANGALORE";"08244277151";"baligadistributing@gmail.com";"BALIGA DISTRIBUTING COMPANY";"29AGMPB0678D1ZG";"0"
"477";"DIYA DISTRIBUTOR";"OPP. GEETHA JNANA MANDIR ALAKE, MANGALORE-575003";"6360878506";"distributordiya@gmail.com";"DIYA DISTRIBUTOR";"29AAPFD7222A1ZK";"0"
"478";"ASHRIM ENTERPRISES";"BLUEBERRY PLATINUM OPP DEREBAIL CHURCH - 575008";"9513050051";"sc5389@gmail.com";"ASHRIM ENTERPRISES";"29AKEPC7688Q1Z7";"0"
"479";"SOMANATHA TRADERS";"2-285(9)(4)
AASHRAYA COLONY ROAD, KUMPALA
POST K";"9036451998";"somanathatraders1234@gmail.com";"SOMANATHA TRADERS";"29ADYFS1614F1ZO";"0"
"480";"A.K. TRADERS    (2)";"ground Floor, 1-60/31, Opp.Assai Manasa,Assaigoli,";"9164293163";;"A.K. TRADERS    (2)";"29AEAPF2389D1ZO";"1"
"481";"SAI ENTERPRISES";"THUSHARA ALAGUDDA KODIKAL, MANGALORE.";"7259792935";"saienterprises.a13@gmail.com";"SAI ENTERPRISES";"29AKRPY7194G1ZO";"0"
"482";"GREEN MARKETING";"JAYA KOJAPPADY BUILDING, BAIKAMPADY INDUSTRIAL ARE";"08242256412";"greenmarketingmangalore@gmail.com";"GREEN MARKETING";"29JLTPS3692R2ZA";"0"
"483";"LIKHITHA ENTERPRISES";"D.NO. 3-E-12-1016/12, GROUND FLOOR DAWOOD COMPLEX ";"9036453841";"likhithaenterprises.2016@gmail.com";"LIKHITHA ENTERPRISES";"29AZIPV5818Q1Z6";"0"
"484";"S.R.I Distributors";"Bikarnakatte, managalor
575005";"9901802256,0";;"S.R.I Distributors";"-.0";"0"
"485";"GV NATURAL FOOD";"KUSHAL ENCLAVE,
BSNL BHAVAN ROAD, GOPAL GOWDA EXT";"9945577599";"gvnaturalfood@gmail.com";"GV NATURAL FOOD";"-";"0"
"486";"DELMART";"SUPER STOCKIST, DISTRIBUTORS & MARKETING 15-11/3, ";"8867890313";"delmartworld@gmail.com";"DELMART";"29AJNPN2870K1ZJ";"0"
"487";"PANCHAJANYA TRADE LINKS";"MAIN ROAD, KULAI, MANGALORE-575019";"9448824085";"-";"PANCHAJANYA TRADE LINKS";"29AAMPH7300J1ZK";"0"
"488";"AFWA FOOD PRODUCTS ATHOOR";"HOUSE NO: #2/130-B, RAMAKUNJA VILLAGE KADABA TQ, M";"9535440228";;"AFWA FOOD PRODUCTS ATHOOR";"0";"1"
"489";"SRI DURGA SALES CORPORATION-CROMPTON (20";"DOOR NO.8-1-52/2,3,4,5""VISHNUDAS ARCADE"" KULUR FER";"0824-2497186";"sridurgasalescorpn@rediffmail.com";"SRI DURGA SALES CORPORATION-CROMPTON (20";"29ACSFS4554K1ZK";"0"
"490";"MANGALORE POULTRY";"BANTWAL TALUK, MANGALORE - 574219
KARNATAKA";"96898085531";"mangalorepoutry@gmail.com";"MANGALORE POULTRY";"-";"0"
"491";"MANGALORE POULTRY";"BANTWAL TALUK, MANGALORE - 574219
KARNATAKA";"96898085531";"mangalorepoutry@gmail.com";"MANGALORE POULTRY";"-";"0"
"492";"SANNIDHI ENTERPRISES(2)";"OPP. LIONS CLUB, JAPPINAMOGARU, MANGALORE.";"008147983635";"-";"SANNIDHI ENTERPRISES(2)";"29BQEPS8624M1Z0";"0"
"493";"SHRI SAI TRADERS";"MANGALORE ";"7619505856";"-";"SHRI SAI TRADERS";"-";"0"
"494";"FA & FA ENTERPRISES";"2/98, SHOP NO.1, OPP BELMA JUMA MASJID, RENJADY MA";"6363454547";"-";"FA & FA ENTERPRISES";"29CNVPB2300Q1ZK";"0"
"495";"S CUBE";"NO.3, SHRINIDHI GURJI CENTRE, GURJI CIRCLE, MANNAG";"8105002717";"-";"S CUBE";"29ADTFS0098N1ZO";"0"
"496";"PAAS ENTERPRISES";"D.NO. 2-182/3, MUHIYUDEEN JUMA MASJID BUILDING, GR";"6360517066";"paas.enterprises19@gmail.com";"PAAS ENTERPRISES";"29BJSPP4022M1ZJ";"0"
"497";"VAJRA TRADING";"F A TOWER  J M ROAD MANGALORE";"08242422331";"-";"VAJRA TRADING";"29AAOFV2860R1Z2";"0"
"498";"D.F. MAHAMOOD & CO";"J.M. ROAD BUNDER MANGALORE 575001";"0824-2425692";"-";"D.F. MAHAMOOD & CO";"29AEIPM1392P1ZR";"0"
"499";"PEE PEE APPLIANCES PRIVATE LIMITED ";"47/22, MEDAVAKKAM TANK ROAD, AYANAVARAM,CHENNAI- 6";"8939888908";"www. ppappliances. com";"PEE PEE APPLIANCES PRIVATE LIMITED ";"33AAACP4390F1ZN";"0"
"500";"INDIAN TRADERS (MANGLORE) DIST";"6th BLOCK, KRISHNAPURA, KATIPALLA, DAKSHINA, MANGL";"7259639294";"-";"INDIAN TRADERS (MANGLORE) DIST";"29AEEPN2839J1Z4";"0"
"501";"SARVODAYA AGENCIES -PETHUT";"UPPER GROUND FLOOR KADRI COMMERCIAL COMPLEX MALLIK";"08244263525";"-";"SARVODAYA AGENCIES -PETHUT";"29AHHPP7896F1ZJ";"0"
"502";"PACK HOUSE";"BUNDER, MANGALORE";"7619174746";"-";"PACK HOUSE";"-";"0"
"503";"ANUPAMA FEEDS & FARMS";"IDEAL CHICKEN BEJAI RETAIL OPP GURU PLAZA NEAR KSR";"08242221348";"-";"ANUPAMA FEEDS & FARMS";"29AASFA7894E1ZQ";"0"
"504";"MADHURA PRINTS & PRODUCTS";"SRI NILAYA, KAPIKAD 6th CROSS, BEJAI, MANGALORE - ";"9449241272";"-";"MADHURA PRINTS & PRODUCTS";"-";"0"
"505";"TREZA ENTERPRISES";"C.R COMPLEX, OPP.ARTIC FURNITURE NANTHOOR, MANGALO";"8971627270";"-";"TREZA ENTERPRISES";"29ANCPD8107A1ZJ";"0"
"506";"M C HUSSAIN";"VEGETABLE MERCHANT SHOP NO.30, CENTRAL MARKET MANG";"08242442828";"-";"M C HUSSAIN";"-";"0"
"507";"MODERN INDUSTRIAL CORPORATION 2018-19";"LONG LANE, URWA MANGALORE - 575006
KARNATAKA";"08242456978";"-";"MODERN INDUSTRIAL CORPORATION 2018-19";"29AACFM9878N1Z7";"0"
"508";"WANDERFREE TRADERS PRIVATE LIMITED";"KARNATAKA, INDIA";"9506900948";"Instagram @em.power.pads";"WANDERFREE TRADERS PRIVATE LIMITED";"29AACCW3901F1ZG";"0"
"509";"PARADIGM INCORPORATION";"DOOR NO 1-N-9-588/1(2), CHRISTANJALI KANDETTU HOUS";"8123952677";"-";"PARADIGM INCORPORATION";"29AAPFP3605F1Z3";"0"
"510";"ZOOFRIS SUPER STORES";"SAIBEEN COMPLEX, LALBAGH, MANGALORE - 575004";"6364342777";"-";"ZOOFRIS SUPER STORES";"29ANBPS3449M1ZD";"0"
"511";"PEARL ELECTRONICS";"CITY MARKET BLDG. OPP.CENTRAL MARKET, MANGALORE";"9880229983";"-";"PEARL ELECTRONICS";"29AFWPD9424NIZJ";"0"
"512";"I J ENTERPRISES";"SHAKTHI NAGAR MANGALORE";"08244113666";"-";"I J ENTERPRISES";"29AAFF15418P1ZS";"0"
"513";"SR GROUPS";"NO.2-42/1/2, SHANTHI NAGAR, KAVOOR POST, MANGALURU";"8867990099";"srgroupskar@gmail.com";"SR GROUPS";"29EBCPS6750L1ZX";"0"
"514";"TEAM ARDOUR";"FRESH TAKES, VI-72/1, PAYYANUR, KANNUR-DIST";"9400206020";"-";"TEAM ARDOUR";"32AANFT8535G1ZX";"0"
"515";"DEEPEE SUPER SHOPPE";"MAIN ROAD,BA ROAD,BANTWAL 574219";"+91 9844171641,74111443641";;"DEEPEE SUPER SHOPPE";"29AAIFD3713D1ZP";"0"
"516";"SHRI RAJARAJESHWARI ENTERPRISES";"KAVOOR, MANGALORE - 575015";"0824-2458963";"-";"SHRI RAJARAJESHWARI ENTERPRISES";"-";"0"
"517";"AMNOORA EXIM (P) LTD ";"BEJAI CHURCH COMPLEX BEJAI MANGALORE";"4119009";"-";"AMNOORA EXIM (P) LTD ";"29AAQCA4381H1Z8";"0"
"518";"SHIFA HOME PRODUCTS";"NO.2/44, GOV JR. COLLEGE ROAD, ADDAGADDE, KADABA T";"9482891156";"-";"SHIFA HOME PRODUCTS";"29BGNPJ7648K1ZJ";"0"
"519";"SAMAGRA MARKETING ";"SHEETAL TOWER, BIBI ALABI ROAD BEHIND LADY GOSCHEN";"8296633048";"0";"SAMAGRA MARKETING";"29AAGFL7072BIZB";"0"
"520";"DEEPA HOME PRODUCTS";"GROUND FLOOR, 2-22/2, PRATHIDWANI COMPLEX, KUNJATH";"9632587328";"-";"DEEPA HOME PRODUCTS";"29CHQPPO405HIZ5";"0"
"521";"SHARDA MARKETING";"D.NO.20-2-195/1, 1ST FLOOR, SUGANDHI BUILDING, AZI";"0824-4255586";"shardamarketing5@gmail.com";"SHARDA MARKETING";"29BCMPS9732G2ZU";"0"
"522";"SAI KRISHNA ENTERPRISES ";"32, D. NO. 275, ADU MAROLI, MAROLI, MANGALORE-5750";"9535625446";"-";"SAI KRISHNA ENTERPRISES ";"29BCCPM6089E1ZB";"0"
"523";"NAVARANG AGENCIES";"N G ROAD ATTAVARA MANGALORE -575001";"9741631626";"-";"NAVARANG AGENCIES";"29AARFN0117G1Z8";"0"
"524";"SRI VEERAHANUMAN TRADING CO";"BUNDER MANGALORE-575001";"0824-2423975";"-";"SRI VEERAHANUMAN TRADING CO";"29ABOPB1013F1Z5";"0"
"525";"SHRI MUKHYAPRANA ENTERPRISES";"61 MPT ROAD, BUNDER, MANGALORE - 575001";"7892812892";"homemaker1941984@gmail.com";"SHRI MUKHYAPRANA ENTERPRISES";"29AHXPN2093A2ZZ";"0"
"526";"BHARATH AGROVET INDUSTRIES";"THENKAYEDAPADAV, SHIBRIKERE MANGALORE-574144";"9483521599";"-";"BHARATH AGROVET INDUSTRIES";"29AAHFB1920B1ZZ";"0"
"527";"SRI MAHALAXMI TRADING CO";"AZIZUDDIN 3RD CROSS ROAD, BUNDER MANGALORE-575001";"9845043857";"vittaldas.n@gmail.com";"SRI MAHALAXMI TRADING CO";"29AHBPN1388C1ZE";"0"
"528";"NEW  SUNDEEP ENTERPRISES";"NO.9 NEW CENTRAL MARKET MANGALORE-575001";"2410976";"-";"NEW  SUNDEEP ENTERPRISES";"29AACFN1804B1ZT";"0"
"529";"MAHAMAYE AGENICIES";"CROSS COMPOUND, BEHIND URWA MARKET, MANGALORE-5750";"9740640136";"-";"MAHAMAYE AGENICIES";"29AAQFM5530P1ZG";"0"
"530";"SHRI SAI DISTRIBUTOR";"NEAR SHAKTHI INDIAN OIL PETROL PUMP, NH-66, HALEAN";"9740551497";"-";"SHRI SAI DISTRIBUTOR";"29CUPPS5351D1Z5";"0"
"531";"SULTHAN FOOD PRODUCTS";"BUILDING NO-1/479D MOGRAL PUTHUR, KASARGOD, KERALA";"04994233118";"-";"SULTHAN FOOD PRODUCTS";"-";"0"
"532";"RUHIS";"FALNIR, Mangaluru, Karnataka 575001";"9141367766";;"RUHIS";"NO";"0"
"533";"GURUDEVA ENTERPRISES";"MANGALORE";"9880878490";"NO";"GURUDEVA ENTERPRISES";"NO";"0"
"534";"A.S HOME PRODUCTS";"SHAKTHINAGAR MANGALORE";"9591431789";"NO";"A.S HOME PRODUCTS";"NO";"0"
"535";"SUHA HOME PRODUCTS";"MANCHILA,ULLAL-575020";"8722801124";"NO";"SUHA HOME PRODUCT";"NO";"0"
"536";"PRABHU HOME PRODUCTS";"S A TEMPLE BUILDING NILESHWALYA, BUNDER MANGALORE";"8242426218";"maharajamasala@2019gmail.com";"PRABHU HOME PRODUCTS";"29AHSPP2623B1Z9";"0"
"537";"MODERN TRADERS";"7-119/7, GROUND FLOOR, SERRAO COTTAGE, KODAKKAL, A";"8970126296";"modernvmg@gmail.com";"MODERN TRADERS";"29ASTPP2060N1ZX";"0"
